,날짜,종가,전일비,시가,고가,저가,거래량
1,2020.04.29,3560.0,95.0,3500.0,3640.0,3495.0,2266634.0
2,2020.04.28,3465.0,25.0,3500.0,3550.0,3390.0,1411539.0
3,2020.04.27,3440.0,140.0,3320.0,3440.0,3320.0,911273.0
4,2020.04.24,3300.0,120.0,3400.0,3415.0,3270.0,1439344.0
5,2020.04.23,3420.0,25.0,3455.0,3460.0,3385.0,1306602.0
9,2020.04.22,3445.0,135.0,3240.0,3445.0,3170.0,2014014.0
10,2020.04.21,3310.0,50.0,3350.0,3405.0,3205.0,2034927.0
11,2020.04.20,3360.0,5.0,3345.0,3460.0,3305.0,2115545.0
12,2020.04.17,3355.0,60.0,3330.0,3470.0,3330.0,1658460.0
13,2020.04.16,3295.0,20.0,3270.0,3330.0,3195.0,1957133.0
1,2020.04.14,3315.0,160.0,3195.0,3365.0,3170.0,2427988.0
2,2020.04.13,3155.0,10.0,3165.0,3250.0,3140.0,1448055.0
3,2020.04.10,3145.0,5.0,3160.0,3210.0,3110.0,1823254.0
4,2020.04.09,3150.0,35.0,3180.0,3195.0,3125.0,1150786.0
5,2020.04.08,3115.0,95.0,3015.0,3220.0,3000.0,1989885.0
9,2020.04.07,3020.0,40.0,3050.0,3075.0,2965.0,1691012.0
10,2020.04.06,2980.0,95.0,2920.0,3005.0,2890.0,1739338.0
11,2020.04.03,2885.0,20.0,2920.0,2935.0,2805.0,1669488.0
12,2020.04.02,2905.0,145.0,2760.0,2930.0,2705.0,1379518.0
13,2020.04.01,2760.0,180.0,2915.0,2955.0,2760.0,1814015.0
1,2020.03.31,2940.0,135.0,2840.0,3040.0,2830.0,2285175.0
2,2020.03.30,2805.0,20.0,2685.0,2815.0,2645.0,1529781.0
3,2020.03.27,2785.0,5.0,2910.0,2955.0,2725.0,1955023.0
4,2020.03.26,2790.0,20.0,2815.0,2870.0,2730.0,2164969.0
5,2020.03.25,2810.0,325.0,2580.0,2835.0,2545.0,3340166.0
9,2020.03.24,2485.0,210.0,2330.0,2490.0,2310.0,2317386.0
10,2020.03.23,2275.0,255.0,2290.0,2375.0,2250.0,2216825.0
11,2020.03.20,2530.0,160.0,2380.0,2530.0,2300.0,3331959.0
12,2020.03.19,2370.0,425.0,2850.0,2900.0,2350.0,4389516.0
13,2020.03.18,2795.0,290.0,3100.0,3145.0,2780.0,2749166.0
1,2020.03.17,3085.0,185.0,2990.0,3225.0,2990.0,2440175.0
2,2020.03.16,3270.0,10.0,3295.0,3440.0,3240.0,1732496.0
3,2020.03.13,3280.0,240.0,3140.0,3330.0,3010.0,3513467.0
4,2020.03.12,3520.0,270.0,3700.0,3760.0,3455.0,2831225.0
5,2020.03.11,3790.0,70.0,3890.0,3920.0,3765.0,1628509.0
9,2020.03.10,3860.0,5.0,3775.0,3915.0,3775.0,1502898.0
10,2020.03.09,3855.0,265.0,4040.0,4040.0,3840.0,2693924.0
11,2020.03.06,4120.0,175.0,4210.0,4235.0,4070.0,1284056.0
12,2020.03.05,4295.0,260.0,4065.0,4300.0,4050.0,2277299.0
13,2020.03.04,4035.0,30.0,4005.0,4070.0,4005.0,1033904.0
1,2020.03.03,4005.0,20.0,4130.0,4145.0,3995.0,1588427.0
2,2020.03.02,4025.0,25.0,4065.0,4145.0,3965.0,2028459.0
3,2020.02.28,4050.0,105.0,4050.0,4110.0,3995.0,2216897.0
4,2020.02.27,4155.0,40.0,4180.0,4220.0,4130.0,878681.0
5,2020.02.26,4195.0,45.0,4130.0,4245.0,4065.0,1286106.0
9,2020.02.25,4150.0,40.0,4070.0,4210.0,4070.0,1046129.0
10,2020.02.24,4110.0,195.0,4205.0,4285.0,4105.0,2081759.0
11,2020.02.21,4305.0,25.0,4300.0,4330.0,4270.0,1018582.0
12,2020.02.20,4330.0,80.0,4415.0,4440.0,4310.0,1108076.0
13,2020.02.19,4410.0,40.0,4525.0,4525.0,4395.0,685734.0
1,2020.02.18,4450.0,25.0,4415.0,4465.0,4410.0,560234.0
2,2020.02.17,4475.0,0.0,4475.0,4495.0,4390.0,928966.0
3,2020.02.14,4475.0,110.0,4535.0,4575.0,4475.0,945040.0
4,2020.02.13,4585.0,105.0,4675.0,4675.0,4540.0,1570051.0
5,2020.02.12,4690.0,35.0,4680.0,4720.0,4615.0,975726.0
9,2020.02.11,4725.0,35.0,4660.0,4740.0,4660.0,508715.0
10,2020.02.10,4690.0,30.0,4665.0,4735.0,4645.0,782537.0
11,2020.02.07,4720.0,90.0,4770.0,4785.0,4685.0,1138686.0
12,2020.02.06,4810.0,385.0,4465.0,4820.0,4430.0,2744930.0
13,2020.02.05,4425.0,5.0,4420.0,4470.0,4380.0,759859.0
1,2020.02.04,4420.0,80.0,4310.0,4470.0,4310.0,953729.0
2,2020.02.03,4340.0,10.0,4295.0,4415.0,4225.0,1194075.0
3,2020.01.31,4350.0,25.0,4375.0,4545.0,4310.0,1644067.0
4,2020.01.30,4375.0,95.0,4465.0,4535.0,4375.0,811704.0
5,2020.01.29,4470.0,25.0,4485.0,4515.0,4450.0,778825.0
9,2020.01.28,4495.0,175.0,4510.0,4580.0,4445.0,1470319.0
10,2020.01.23,4670.0,105.0,4750.0,4760.0,4635.0,673837.0
11,2020.01.22,4775.0,25.0,4810.0,4830.0,4750.0,730399.0
12,2020.01.21,4800.0,150.0,4665.0,4830.0,4645.0,1975135.0
13,2020.01.20,4650.0,5.0,4630.0,4690.0,4560.0,853108.0
1,2020.01.17,4655.0,35.0,4660.0,4750.0,4655.0,704823.0
2,2020.01.16,4690.0,15.0,4695.0,4730.0,4635.0,1177374.0
3,2020.01.15,4675.0,150.0,4505.0,4690.0,4505.0,1243935.0
4,2020.01.14,4525.0,10.0,4515.0,4545.0,4490.0,764456.0
5,2020.01.13,4515.0,130.0,4385.0,4545.0,4355.0,903816.0
9,2020.01.10,4385.0,5.0,4330.0,4410.0,4310.0,1054291.0
10,2020.01.09,4380.0,175.0,4240.0,4380.0,4240.0,1805007.0
11,2020.01.08,4205.0,220.0,4410.0,4410.0,4165.0,2788299.0
12,2020.01.07,4425.0,75.0,4500.0,4525.0,4420.0,1542630.0
13,2020.01.06,4500.0,195.0,4625.0,4665.0,4485.0,1287069.0
1,2020.01.03,4695.0,35.0,4680.0,4705.0,4610.0,752578.0
2,2020.01.02,4660.0,80.0,4730.0,4745.0,4660.0,998508.0
3,2019.12.30,4740.0,45.0,4700.0,4770.0,4670.0,637066.0
4,2019.12.27,4695.0,120.0,4580.0,4710.0,4540.0,776640.0
5,2019.12.26,4575.0,15.0,4635.0,4635.0,4570.0,455011.0
9,2019.12.24,4590.0,35.0,4630.0,4655.0,4565.0,501190.0
10,2019.12.23,4625.0,0.0,4660.0,4670.0,4585.0,537336.0
11,2019.12.20,4625.0,25.0,4650.0,4665.0,4585.0,653255.0
12,2019.12.19,4600.0,0.0,4600.0,4625.0,4575.0,503560.0
13,2019.12.18,4600.0,15.0,4575.0,4640.0,4540.0,725600.0
1,2019.12.17,4585.0,130.0,4670.0,4695.0,4570.0,1052121.0
2,2019.12.16,4715.0,90.0,4790.0,4800.0,4670.0,672608.0
3,2019.12.13,4805.0,25.0,4835.0,4930.0,4795.0,972838.0
4,2019.12.12,4830.0,215.0,4645.0,4860.0,4630.0,2128026.0
5,2019.12.11,4615.0,45.0,4525.0,4640.0,4525.0,644166.0
9,2019.12.10,4570.0,100.0,4500.0,4590.0,4475.0,574958.0
10,2019.12.09,4470.0,35.0,4430.0,4535.0,4415.0,549432.0
11,2019.12.06,4435.0,65.0,4335.0,4435.0,4335.0,561801.0
12,2019.12.05,4370.0,15.0,4365.0,4410.0,4300.0,440141.0
13,2019.12.04,4385.0,15.0,4350.0,4435.0,4320.0,540505.0
1,2019.12.03,4400.0,5.0,4360.0,4400.0,4305.0,689202.0
2,2019.12.02,4405.0,55.0,4460.0,4485.0,4390.0,628338.0
3,2019.11.29,4460.0,110.0,4630.0,4630.0,4455.0,649770.0
4,2019.11.28,4570.0,45.0,4610.0,4610.0,4550.0,450611.0
5,2019.11.27,4615.0,30.0,4700.0,4725.0,4605.0,309823.0
9,2019.11.26,4645.0,0.0,4645.0,4705.0,4600.0,939996.0
10,2019.11.25,4645.0,50.0,4590.0,4650.0,4555.0,433341.0
11,2019.11.22,4595.0,65.0,4500.0,4600.0,4500.0,392477.0
12,2019.11.21,4530.0,95.0,4640.0,4650.0,4505.0,664756.0
13,2019.11.20,4625.0,55.0,4630.0,4660.0,4595.0,470438.0
1,2019.11.19,4680.0,40.0,4715.0,4750.0,4635.0,691221.0
2,2019.11.18,4720.0,35.0,4710.0,4765.0,4710.0,446213.0
3,2019.11.15,4755.0,100.0,4610.0,4760.0,4610.0,683007.0
4,2019.11.14,4655.0,60.0,4710.0,4715.0,4615.0,663291.0
5,2019.11.13,4715.0,5.0,4710.0,4730.0,4645.0,481099.0
9,2019.11.12,4710.0,5.0,4725.0,4745.0,4650.0,559259.0
10,2019.11.11,4705.0,95.0,4785.0,4800.0,4690.0,615556.0
11,2019.11.08,4800.0,25.0,4730.0,4815.0,4715.0,733553.0
12,2019.11.07,4775.0,45.0,4710.0,4790.0,4710.0,787202.0
13,2019.11.06,4730.0,10.0,4765.0,4790.0,4700.0,730977.0
1,2019.11.05,4740.0,185.0,4550.0,4770.0,4530.0,1661776.0
2,2019.11.04,4555.0,215.0,4405.0,4570.0,4400.0,1169977.0
3,2019.11.01,4340.0,15.0,4355.0,4395.0,4320.0,645165.0
4,2019.10.31,4355.0,85.0,4425.0,4480.0,4355.0,1218075.0
5,2019.10.30,4440.0,35.0,4475.0,4500.0,4395.0,679666.0
9,2019.10.29,4475.0,70.0,4525.0,4580.0,4440.0,745618.0
10,2019.10.28,4545.0,10.0,4520.0,4600.0,4520.0,296602.0
11,2019.10.25,4555.0,60.0,4575.0,4595.0,4520.0,674052.0
12,2019.10.24,4615.0,5.0,4575.0,4645.0,4530.0,476382.0
13,2019.10.23,4610.0,125.0,4695.0,4710.0,4610.0,564308.0
1,2019.10.22,4735.0,135.0,4640.0,4795.0,4630.0,1050917.0
2,2019.10.21,4600.0,10.0,4645.0,4645.0,4570.0,403492.0
3,2019.10.18,4610.0,10.0,4640.0,4680.0,4570.0,329390.0
4,2019.10.17,4600.0,100.0,4700.0,4700.0,4555.0,591488.0
5,2019.10.16,4700.0,65.0,4625.0,4700.0,4620.0,478686.0
9,2019.10.15,4635.0,10.0,4635.0,4650.0,4605.0,338840.0
10,2019.10.14,4645.0,100.0,4605.0,4690.0,4560.0,536281.0
11,2019.10.11,4545.0,25.0,4525.0,4595.0,4510.0,530392.0
12,2019.10.10,4520.0,115.0,4550.0,4660.0,4515.0,802483.0
13,2019.10.08,4635.0,75.0,4520.0,4650.0,4520.0,541025.0
1,2019.10.07,4560.0,80.0,4625.0,4630.0,4525.0,742108.0
2,2019.10.04,4640.0,65.0,4700.0,4725.0,4610.0,559272.0
3,2019.10.02,4705.0,90.0,4750.0,4795.0,4680.0,732773.0
4,2019.10.01,4795.0,35.0,4825.0,4855.0,4780.0,592567.0
5,2019.09.30,4830.0,100.0,4790.0,4830.0,4710.0,529840.0
9,2019.09.27,4730.0,105.0,4830.0,4835.0,4715.0,518647.0
10,2019.09.26,4835.0,105.0,4735.0,4845.0,4735.0,944158.0
11,2019.09.25,4730.0,85.0,4815.0,4825.0,4715.0,655706.0
12,2019.09.24,4815.0,30.0,4770.0,4840.0,4745.0,572266.0
13,2019.09.23,4785.0,10.0,4790.0,4840.0,4750.0,581203.0
1,2019.09.20,4775.0,10.0,4765.0,4815.0,4710.0,1133986.0
2,2019.09.19,4765.0,110.0,4865.0,4900.0,4760.0,1220382.0
3,2019.09.18,4875.0,95.0,4950.0,4950.0,4845.0,1110382.0
4,2019.09.17,4970.0,65.0,4930.0,5000.0,4825.0,2157740.0
5,2019.09.16,4905.0,525.0,4725.0,4940.0,4640.0,6281206.0
9,2019.09.11,4380.0,120.0,4275.0,4380.0,4255.0,1009272.0
10,2019.09.10,4260.0,85.0,4180.0,4265.0,4170.0,545484.0
11,2019.09.09,4175.0,0.0,4200.0,4235.0,4170.0,420098.0
12,2019.09.06,4175.0,35.0,4210.0,4240.0,4170.0,300854.0
13,2019.09.05,4210.0,5.0,4205.0,4245.0,4185.0,409495.0
1,2019.09.04,4205.0,20.0,4170.0,4225.0,4150.0,564114.0
2,2019.09.03,4185.0,25.0,4200.0,4290.0,4180.0,450644.0
3,2019.09.02,4210.0,30.0,4135.0,4240.0,4110.0,487539.0
4,2019.08.30,4180.0,145.0,4075.0,4185.0,4050.0,770892.0
5,2019.08.29,4035.0,15.0,4060.0,4070.0,4020.0,377856.0
9,2019.08.28,4050.0,35.0,3975.0,4050.0,3975.0,318509.0
10,2019.08.27,4015.0,70.0,3990.0,4035.0,3965.0,1167352.0
11,2019.08.26,3945.0,115.0,3965.0,4030.0,3935.0,455376.0
12,2019.08.23,4060.0,20.0,4050.0,4080.0,4030.0,393430.0
13,2019.08.22,4080.0,15.0,4100.0,4130.0,4065.0,368538.0
1,2019.08.21,4095.0,25.0,4050.0,4110.0,4050.0,378358.0
2,2019.08.20,4070.0,35.0,4030.0,4130.0,4010.0,667747.0
3,2019.08.19,4035.0,110.0,3935.0,4040.0,3915.0,676577.0
4,2019.08.16,3925.0,25.0,3890.0,3940.0,3845.0,577954.0
5,2019.08.14,3900.0,25.0,3955.0,3975.0,3890.0,529292.0
9,2019.08.13,3925.0,5.0,3890.0,3930.0,3880.0,634861.0
10,2019.08.12,3930.0,10.0,3900.0,3970.0,3880.0,381892.0
11,2019.08.09,3920.0,10.0,3925.0,3955.0,3900.0,663447.0
12,2019.08.08,3910.0,45.0,3900.0,3950.0,3890.0,832973.0
13,2019.08.07,3865.0,5.0,3860.0,3915.0,3830.0,667281.0
1,2019.08.06,3870.0,20.0,3820.0,3940.0,3765.0,1635387.0
2,2019.08.05,3890.0,165.0,4020.0,4055.0,3860.0,1262235.0
3,2019.08.02,4055.0,20.0,4035.0,4070.0,4015.0,618747.0
4,2019.08.01,4035.0,65.0,4070.0,4095.0,4020.0,789600.0
5,2019.07.31,4100.0,25.0,4125.0,4150.0,4045.0,565165.0
9,2019.07.30,4125.0,85.0,4020.0,4160.0,4020.0,777086.0
10,2019.07.29,4040.0,100.0,4140.0,4160.0,4005.0,1592838.0
11,2019.07.26,4140.0,35.0,4175.0,4180.0,4080.0,1014388.0
12,2019.07.25,4175.0,195.0,4355.0,4365.0,4150.0,1873386.0
13,2019.07.24,4370.0,70.0,4440.0,4470.0,4370.0,614970.0
1,2019.07.23,4440.0,25.0,4470.0,4500.0,4435.0,649706.0
2,2019.07.22,4465.0,60.0,4510.0,4535.0,4455.0,470170.0
3,2019.07.19,4525.0,90.0,4455.0,4530.0,4430.0,537312.0
4,2019.07.18,4435.0,55.0,4460.0,4515.0,4430.0,577518.0
5,2019.07.17,4490.0,80.0,4595.0,4595.0,4460.0,809309.0
9,2019.07.16,4570.0,5.0,4575.0,4600.0,4550.0,470557.0
10,2019.07.15,4575.0,0.0,4550.0,4590.0,4545.0,456132.0
11,2019.07.12,4575.0,60.0,4635.0,4650.0,4550.0,933330.0
12,2019.07.11,4635.0,35.0,4600.0,4670.0,4600.0,589347.0
13,2019.07.10,4600.0,70.0,4650.0,4675.0,4565.0,933888.0
1,2019.07.09,4670.0,120.0,4775.0,4800.0,4665.0,922275.0
2,2019.07.08,4790.0,155.0,4950.0,4960.0,4790.0,923058.0
3,2019.07.05,4945.0,10.0,4955.0,4970.0,4910.0,403625.0
4,2019.07.04,4935.0,10.0,4980.0,4985.0,4900.0,445081.0
5,2019.07.03,4945.0,95.0,5040.0,5050.0,4940.0,642194.0
9,2019.07.02,5040.0,30.0,4960.0,5050.0,4960.0,577221.0
10,2019.07.01,5010.0,70.0,5000.0,5050.0,4955.0,550831.0
11,2019.06.28,4940.0,60.0,5010.0,5030.0,4940.0,536165.0
12,2019.06.27,5000.0,15.0,4995.0,5020.0,4955.0,576785.0
13,2019.06.26,4985.0,0.0,4990.0,4995.0,4930.0,652671.0
1,2019.06.25,4985.0,65.0,5070.0,5080.0,4975.0,772446.0
2,2019.06.24,5050.0,40.0,5050.0,5080.0,4995.0,700432.0
3,2019.06.21,5010.0,55.0,4960.0,5130.0,4960.0,2098008.0
4,2019.06.20,4955.0,15.0,4970.0,4975.0,4935.0,541776.0
5,2019.06.19,4970.0,40.0,4930.0,4985.0,4930.0,591472.0
9,2019.06.18,4930.0,55.0,4985.0,5010.0,4830.0,2047644.0
10,2019.06.17,4985.0,45.0,5050.0,5050.0,4975.0,469834.0
11,2019.06.14,5030.0,20.0,5040.0,5040.0,4995.0,567866.0
12,2019.06.13,5050.0,30.0,5030.0,5050.0,4965.0,860736.0
13,2019.06.12,5020.0,30.0,5000.0,5080.0,4990.0,720331.0
1,2019.06.11,4990.0,40.0,4920.0,4990.0,4920.0,439968.0
2,2019.06.10,4950.0,35.0,4920.0,4955.0,4885.0,482080.0
3,2019.06.07,4915.0,5.0,4910.0,4930.0,4860.0,621673.0
4,2019.06.05,4910.0,50.0,4885.0,4910.0,4865.0,512304.0
5,2019.06.04,4860.0,35.0,4800.0,4910.0,4795.0,808218.0
9,2019.06.03,4825.0,20.0,4770.0,4825.0,4755.0,680377.0
10,2019.05.31,4805.0,5.0,4790.0,4810.0,4760.0,777586.0
11,2019.05.30,4810.0,15.0,4835.0,4835.0,4745.0,994289.0
12,2019.05.29,4825.0,95.0,4920.0,4920.0,4805.0,624042.0
13,2019.05.28,4920.0,55.0,4875.0,4935.0,4870.0,1675181.0
1,2019.05.27,4865.0,15.0,4845.0,4885.0,4835.0,285726.0
2,2019.05.24,4850.0,70.0,4900.0,4920.0,4825.0,474474.0
3,2019.05.23,4920.0,75.0,4845.0,4930.0,4820.0,612148.0
4,2019.05.22,4845.0,0.0,4865.0,4905.0,4835.0,436218.0
5,2019.05.21,4845.0,5.0,4820.0,4895.0,4820.0,429372.0
9,2019.05.20,4840.0,65.0,4880.0,4930.0,4830.0,561936.0
10,2019.05.17,4905.0,35.0,4905.0,4940.0,4865.0,424333.0
11,2019.05.16,4870.0,20.0,4885.0,4920.0,4845.0,522869.0
12,2019.05.15,4890.0,35.0,4845.0,4890.0,4815.0,618992.0
13,2019.05.14,4855.0,30.0,4790.0,4895.0,4770.0,801118.0
1,2019.05.13,4825.0,20.0,4800.0,4880.0,4800.0,767959.0
2,2019.05.10,4845.0,25.0,4855.0,4910.0,4815.0,793298.0
3,2019.05.09,4820.0,180.0,4990.0,5000.0,4820.0,1948624.0
4,2019.05.08,5000.0,10.0,4965.0,5030.0,4960.0,558578.0
5,2019.05.07,4990.0,60.0,5020.0,5040.0,4980.0,975102.0
9,2019.05.03,5050.0,70.0,5090.0,5130.0,5050.0,596687.0
10,2019.05.02,5120.0,80.0,5050.0,5150.0,5010.0,1283118.0
11,2019.04.30,5040.0,60.0,5090.0,5100.0,4960.0,1305959.0
12,2019.04.29,5100.0,20.0,5110.0,5120.0,5060.0,755261.0
13,2019.04.26,5080.0,20.0,5060.0,5100.0,5020.0,746290.0
1,2019.04.25,5060.0,60.0,5100.0,5130.0,5040.0,730243.0
2,2019.04.24,5120.0,60.0,5190.0,5220.0,5090.0,970920.0
3,2019.04.23,5180.0,70.0,5160.0,5230.0,5110.0,976591.0
4,2019.04.22,5110.0,70.0,5250.0,5260.0,5100.0,1367870.0
5,2019.04.19,5180.0,160.0,5020.0,5520.0,4985.0,5733719.0
9,2019.04.18,5020.0,90.0,5150.0,5150.0,4985.0,1050017.0
10,2019.04.17,5110.0,30.0,5090.0,5160.0,5090.0,811381.0
11,2019.04.16,5080.0,30.0,5080.0,5130.0,5050.0,714629.0
12,2019.04.15,5110.0,10.0,5120.0,5130.0,5080.0,609395.0
13,2019.04.12,5100.0,40.0,5070.0,5110.0,5040.0,770064.0
1,2019.04.11,5060.0,20.0,5090.0,5100.0,5050.0,651513.0
2,2019.04.10,5080.0,20.0,5070.0,5100.0,5040.0,474727.0
3,2019.04.09,5060.0,40.0,5110.0,5130.0,5060.0,504234.0
4,2019.04.08,5100.0,30.0,5090.0,5110.0,5080.0,411047.0
5,2019.04.05,5070.0,10.0,5080.0,5100.0,5040.0,478368.0
9,2019.04.04,5060.0,80.0,5140.0,5150.0,5020.0,921582.0
10,2019.04.03,5140.0,20.0,5080.0,5140.0,5060.0,591005.0
11,2019.04.02,5120.0,50.0,5170.0,5190.0,5100.0,718576.0
12,2019.04.01,5170.0,90.0,5080.0,5180.0,5070.0,1204322.0
13,2019.03.29,5080.0,40.0,5060.0,5090.0,5020.0,1054850.0
1,2019.03.28,5040.0,20.0,5000.0,5040.0,4970.0,416119.0
2,2019.03.27,5020.0,25.0,5020.0,5050.0,4985.0,674373.0
3,2019.03.26,4995.0,20.0,5000.0,5030.0,4940.0,475513.0
4,2019.03.25,4975.0,35.0,4915.0,4980.0,4915.0,552588.0
5,2019.03.22,5010.0,35.0,5000.0,5050.0,4995.0,592861.0
9,2019.03.21,4975.0,65.0,5030.0,5080.0,4975.0,734142.0
10,2019.03.20,5040.0,0.0,5020.0,5040.0,4970.0,654733.0
11,2019.03.19,5040.0,0.0,5050.0,5070.0,5010.0,419085.0
12,2019.03.18,5040.0,10.0,5090.0,5090.0,4990.0,737981.0
13,2019.03.15,5050.0,90.0,4970.0,5070.0,4940.0,1636980.0
1,2019.03.14,4960.0,205.0,4820.0,4965.0,4785.0,1355240.0
2,2019.03.13,4755.0,70.0,4840.0,4840.0,4735.0,1028177.0
3,2019.03.12,4825.0,40.0,4845.0,4855.0,4800.0,688698.0
4,2019.03.11,4785.0,70.0,4855.0,4860.0,4770.0,838103.0
5,2019.03.08,4855.0,60.0,4920.0,4920.0,4845.0,877820.0
9,2019.03.07,4915.0,45.0,4910.0,4985.0,4900.0,1039351.0
10,2019.03.06,4960.0,10.0,4950.0,5040.0,4945.0,824829.0
11,2019.03.05,4950.0,70.0,5000.0,5040.0,4935.0,1499074.0
12,2019.03.04,5020.0,30.0,5050.0,5110.0,4995.0,2090015.0
13,2019.02.28,5050.0,80.0,5160.0,5240.0,5050.0,2731811.0
1,2019.02.27,5130.0,50.0,5220.0,5220.0,5090.0,2144630.0
2,2019.02.26,5180.0,10.0,5170.0,5260.0,5160.0,1384592.0
3,2019.02.25,5170.0,10.0,5210.0,5230.0,5140.0,710802.0
4,2019.02.22,5180.0,60.0,5120.0,5190.0,5120.0,749190.0
5,2019.02.21,5120.0,50.0,5170.0,5220.0,5090.0,1674107.0
9,2019.02.20,5170.0,40.0,5230.0,5270.0,5170.0,951901.0
10,2019.02.19,5210.0,50.0,5170.0,5240.0,5130.0,992027.0
11,2019.02.18,5160.0,30.0,5160.0,5190.0,5120.0,907591.0
12,2019.02.15,5130.0,0.0,5100.0,5170.0,5090.0,752949.0
13,2019.02.14,5130.0,30.0,5160.0,5160.0,5060.0,1321645.0
1,2019.02.13,5160.0,30.0,5160.0,5190.0,5110.0,1342865.0
2,2019.02.12,5130.0,40.0,5190.0,5220.0,5110.0,1607520.0
3,2019.02.11,5170.0,30.0,5220.0,5220.0,5160.0,973728.0
4,2019.02.08,5200.0,50.0,5250.0,5270.0,5160.0,1356033.0
5,2019.02.07,5250.0,100.0,5230.0,5320.0,5200.0,2473379.0
9,2019.02.01,5150.0,30.0,5230.0,5260.0,5130.0,2967287.0
10,2019.01.31,5180.0,60.0,5290.0,5300.0,5160.0,2903404.0
11,2019.01.30,5240.0,380.0,5690.0,5690.0,5150.0,9250936.0
12,2019.01.29,5620.0,290.0,5810.0,5880.0,5570.0,3412149.0
13,2019.01.28,5910.0,170.0,6080.0,6100.0,5900.0,1064147.0
1,2019.01.25,6080.0,0.0,6030.0,6130.0,5980.0,963781.0
2,2019.01.24,6080.0,70.0,6010.0,6090.0,5830.0,1526372.0
3,2019.01.23,6010.0,370.0,5670.0,6010.0,5650.0,2289355.0
4,2019.01.22,5640.0,40.0,5700.0,5710.0,5610.0,648194.0
5,2019.01.21,5680.0,30.0,5650.0,5720.0,5650.0,713531.0
9,2019.01.18,5650.0,50.0,5670.0,5680.0,5590.0,564795.0
10,2019.01.17,5600.0,30.0,5660.0,5750.0,5550.0,759133.0
11,2019.01.16,5630.0,40.0,5650.0,5750.0,5600.0,880142.0
12,2019.01.15,5670.0,40.0,5650.0,5710.0,5580.0,825054.0
13,2019.01.14,5630.0,60.0,5550.0,5630.0,5490.0,1108378.0
1,2019.01.11,5570.0,70.0,5680.0,5680.0,5520.0,981577.0
2,2019.01.10,5640.0,30.0,5680.0,5710.0,5580.0,845442.0
3,2019.01.09,5670.0,220.0,5550.0,5690.0,5500.0,1242213.0
4,2019.01.08,5450.0,80.0,5570.0,5620.0,5450.0,739703.0
5,2019.01.07,5530.0,150.0,5490.0,5580.0,5440.0,1135931.0
9,2019.01.04,5380.0,20.0,5390.0,5440.0,5290.0,895094.0
10,2019.01.03,5400.0,40.0,5510.0,5520.0,5280.0,1143571.0
11,2019.01.02,5440.0,50.0,5440.0,5600.0,5380.0,1688983.0
12,2018.12.28,5390.0,10.0,5400.0,5500.0,5360.0,800642.0
13,2018.12.27,5400.0,210.0,5280.0,5460.0,5220.0,1078547.0
1,2018.12.26,5190.0,190.0,5290.0,5330.0,5120.0,1606024.0
2,2018.12.24,5380.0,100.0,5480.0,5500.0,5340.0,857102.0
3,2018.12.21,5480.0,90.0,5580.0,5590.0,5410.0,1334755.0
4,2018.12.20,5570.0,100.0,5460.0,5570.0,5370.0,1359509.0
5,2018.12.19,5470.0,240.0,5700.0,5700.0,5400.0,1568225.0
9,2018.12.18,5710.0,130.0,5580.0,5720.0,5480.0,3256450.0
10,2018.12.17,5580.0,150.0,5430.0,5660.0,5410.0,2602451.0
11,2018.12.14,5430.0,270.0,5190.0,5480.0,5140.0,2784203.0
12,2018.12.13,5160.0,140.0,5050.0,5220.0,5010.0,1881407.0
13,2018.12.12,5020.0,210.0,4830.0,5060.0,4830.0,1369919.0
1,2018.12.11,4810.0,130.0,4920.0,4955.0,4750.0,752017.0
2,2018.12.10,4940.0,30.0,4885.0,4995.0,4870.0,638146.0
3,2018.12.07,4970.0,30.0,4970.0,5020.0,4935.0,612992.0
4,2018.12.06,4940.0,70.0,5010.0,5030.0,4905.0,591085.0
5,2018.12.05,5010.0,10.0,4915.0,5020.0,4910.0,591708.0
9,2018.12.04,5000.0,60.0,5070.0,5070.0,4940.0,1086522.0
10,2018.12.03,5060.0,90.0,4985.0,5090.0,4955.0,1183642.0
11,2018.11.30,4970.0,40.0,4910.0,4970.0,4905.0,1131266.0
12,2018.11.29,4930.0,130.0,5090.0,5120.0,4895.0,1388113.0
13,2018.11.28,5060.0,290.0,4780.0,5070.0,4780.0,1778085.0
1,2018.11.27,4770.0,50.0,4730.0,4825.0,4725.0,928820.0
2,2018.11.26,4720.0,60.0,4680.0,4765.0,4650.0,987400.0
3,2018.11.23,4660.0,25.0,4610.0,4715.0,4555.0,1006231.0
4,2018.11.22,4635.0,135.0,4785.0,4785.0,4605.0,1178575.0
5,2018.11.21,4770.0,40.0,4775.0,4790.0,4730.0,810347.0
9,2018.11.20,4810.0,45.0,4775.0,4845.0,4740.0,1004867.0
10,2018.11.19,4855.0,30.0,4855.0,4925.0,4805.0,1060561.0
11,2018.11.16,4825.0,35.0,4800.0,4880.0,4775.0,799360.0
12,2018.11.15,4790.0,95.0,4685.0,4800.0,4685.0,854418.0
13,2018.11.14,4695.0,65.0,4780.0,4800.0,4650.0,851515.0
1,2018.11.13,4760.0,5.0,4705.0,4780.0,4610.0,788068.0
2,2018.11.12,4765.0,55.0,4690.0,4770.0,4690.0,410489.0
3,2018.11.09,4710.0,75.0,4780.0,4780.0,4685.0,906229.0
4,2018.11.08,4785.0,65.0,4800.0,4865.0,4735.0,1115282.0
5,2018.11.07,4720.0,15.0,4795.0,4880.0,4610.0,1080308.0
9,2018.11.06,4735.0,10.0,4755.0,4820.0,4705.0,684659.0
10,2018.11.05,4725.0,65.0,4810.0,4810.0,4675.0,1000129.0
11,2018.11.02,4790.0,210.0,4655.0,4815.0,4640.0,1057123.0
12,2018.11.01,4580.0,55.0,4540.0,4745.0,4530.0,1731942.0
13,2018.10.31,4525.0,75.0,4640.0,4640.0,4495.0,2102001.0
1,2018.10.30,4600.0,245.0,4300.0,4630.0,4300.0,2238419.0
2,2018.10.29,4355.0,250.0,4505.0,4710.0,4305.0,3221589.0
3,2018.10.26,4605.0,360.0,5010.0,5010.0,4540.0,3434976.0
4,2018.10.25,4965.0,105.0,5000.0,5050.0,4900.0,1277790.0
5,2018.10.24,5070.0,20.0,5110.0,5120.0,5020.0,1031693.0
9,2018.10.23,5050.0,50.0,5120.0,5180.0,5020.0,1044510.0
10,2018.10.22,5100.0,90.0,5190.0,5190.0,5080.0,994700.0
11,2018.10.19,5190.0,40.0,5120.0,5220.0,5100.0,652049.0
12,2018.10.18,5150.0,70.0,5200.0,5250.0,5080.0,1169498.0
13,2018.10.17,5220.0,40.0,5300.0,5300.0,5190.0,979870.0
1,2018.10.16,5180.0,10.0,5170.0,5260.0,5160.0,856829.0
2,2018.10.15,5170.0,80.0,5250.0,5350.0,5160.0,1134597.0
3,2018.10.12,5250.0,40.0,5180.0,5370.0,5180.0,1665123.0
4,2018.10.11,5210.0,320.0,5320.0,5450.0,5210.0,2375429.0
5,2018.10.10,5530.0,250.0,5710.0,5750.0,5460.0,2098033.0
9,2018.10.08,5780.0,60.0,5840.0,5920.0,5670.0,1608355.0
10,2018.10.05,5840.0,200.0,6000.0,6020.0,5800.0,1632045.0
11,2018.10.04,6040.0,90.0,6200.0,6250.0,5990.0,1350868.0
12,2018.10.02,6130.0,120.0,5970.0,6210.0,5970.0,1624727.0
13,2018.10.01,6010.0,90.0,5940.0,6040.0,5880.0,970101.0
1,2018.09.28,5920.0,150.0,6110.0,6140.0,5850.0,1846005.0
2,2018.09.27,6070.0,0.0,6050.0,6220.0,6020.0,2170385.0
3,2018.09.21,6070.0,320.0,5790.0,6120.0,5730.0,3549469.0
4,2018.09.20,5750.0,160.0,5640.0,5760.0,5490.0,1601746.0
5,2018.09.19,5590.0,120.0,5720.0,5750.0,5530.0,852252.0
9,2018.09.18,5710.0,60.0,5640.0,5730.0,5580.0,1243718.0
10,2018.09.17,5650.0,40.0,5740.0,5770.0,5620.0,832807.0
11,2018.09.14,5690.0,90.0,5620.0,5700.0,5610.0,1350167.0
12,2018.09.13,5600.0,40.0,5630.0,5630.0,5540.0,1023443.0
13,2018.09.12,5640.0,30.0,5670.0,5690.0,5530.0,1519678.0
1,2018.09.11,5610.0,20.0,5620.0,5720.0,5540.0,2409816.0
2,2018.09.10,5590.0,390.0,5200.0,5600.0,5200.0,4435077.0
3,2018.09.07,5200.0,10.0,5240.0,5260.0,5170.0,1674056.0
4,2018.09.06,5210.0,10.0,5210.0,5330.0,5190.0,1638973.0
5,2018.09.05,5200.0,70.0,5270.0,5290.0,5170.0,1202414.0
9,2018.09.04,5270.0,30.0,5270.0,5310.0,5210.0,1015021.0
10,2018.09.03,5240.0,0.0,5240.0,5340.0,5220.0,1288283.0
11,2018.08.31,5240.0,40.0,5220.0,5250.0,5160.0,815499.0
12,2018.08.30,5200.0,30.0,5240.0,5270.0,5190.0,794579.0
13,2018.08.29,5230.0,10.0,5250.0,5270.0,5200.0,599326.0
1,2018.08.28,5240.0,50.0,5230.0,5290.0,5200.0,1491498.0
2,2018.08.27,5190.0,170.0,5360.0,5380.0,5140.0,2533653.0
3,2018.08.24,5360.0,60.0,5340.0,5370.0,5300.0,862402.0
4,2018.08.23,5300.0,20.0,5310.0,5370.0,5260.0,1113794.0
5,2018.08.22,5280.0,40.0,5320.0,5330.0,5250.0,1088662.0
9,2018.08.21,5320.0,30.0,5360.0,5370.0,5280.0,738137.0
10,2018.08.20,5350.0,40.0,5350.0,5390.0,5310.0,707963.0
11,2018.08.17,5310.0,20.0,5330.0,5340.0,5250.0,761634.0
12,2018.08.16,5290.0,50.0,5410.0,5410.0,5260.0,1128164.0
13,2018.08.14,5340.0,0.0,5350.0,5390.0,5290.0,625807.0
1,2018.08.13,5340.0,150.0,5490.0,5530.0,5320.0,1179507.0
2,2018.08.10,5490.0,50.0,5490.0,5510.0,5440.0,911946.0
3,2018.08.09,5440.0,50.0,5390.0,5440.0,5370.0,629217.0
4,2018.08.08,5390.0,80.0,5420.0,5500.0,5370.0,1355085.0
5,2018.08.07,5470.0,20.0,5450.0,5510.0,5420.0,707481.0
9,2018.08.06,5450.0,250.0,5700.0,5740.0,5410.0,1873014.0
10,2018.08.03,5700.0,170.0,5540.0,5720.0,5520.0,1512250.0
11,2018.08.02,5530.0,140.0,5630.0,5790.0,5520.0,1408727.0
12,2018.08.01,5670.0,10.0,5690.0,5770.0,5620.0,862383.0
13,2018.07.31,5680.0,60.0,5660.0,5720.0,5590.0,779044.0
1,2018.07.30,5620.0,80.0,5540.0,5690.0,5540.0,672211.0
2,2018.07.27,5540.0,30.0,5580.0,5610.0,5510.0,593884.0
3,2018.07.26,5570.0,110.0,5700.0,5740.0,5570.0,735180.0
4,2018.07.25,5680.0,120.0,5590.0,5780.0,5590.0,1422757.0
5,2018.07.24,5560.0,210.0,5340.0,5620.0,5330.0,2128595.0
9,2018.07.23,5350.0,40.0,5250.0,5420.0,5250.0,990747.0
10,2018.07.20,5310.0,20.0,5340.0,5370.0,5250.0,873999.0
11,2018.07.19,5290.0,30.0,5300.0,5420.0,5270.0,1119396.0
12,2018.07.18,5260.0,200.0,5480.0,5510.0,5240.0,1450353.0
13,2018.07.17,5460.0,80.0,5550.0,5590.0,5400.0,873873.0
1,2018.07.16,5540.0,70.0,5610.0,5640.0,5490.0,677351.0
2,2018.07.13,5610.0,110.0,5560.0,5650.0,5540.0,738691.0
3,2018.07.12,5500.0,50.0,5590.0,5600.0,5480.0,792564.0
4,2018.07.11,5550.0,40.0,5470.0,5580.0,5420.0,1077183.0
5,2018.07.10,5510.0,20.0,5510.0,5660.0,5500.0,761009.0
9,2018.07.09,5490.0,120.0,5530.0,5570.0,5410.0,978231.0
10,2018.07.06,5610.0,160.0,5450.0,5660.0,5450.0,995128.0
11,2018.07.05,5450.0,20.0,5430.0,5490.0,5350.0,902319.0
12,2018.07.04,5470.0,80.0,5320.0,5500.0,5320.0,1072523.0
13,2018.07.03,5390.0,120.0,5510.0,5580.0,5300.0,2347138.0
1,2018.07.02,5510.0,360.0,5870.0,5870.0,5460.0,2788902.0
2,2018.06.29,5870.0,150.0,5800.0,5880.0,5670.0,1409597.0
3,2018.06.28,5720.0,30.0,5630.0,5840.0,5630.0,1225976.0
4,2018.06.27,5690.0,180.0,5840.0,5880.0,5620.0,2690117.0
5,2018.06.26,5870.0,120.0,5880.0,6030.0,5840.0,2019288.0
9,2018.06.25,5990.0,140.0,5850.0,6110.0,5760.0,1724093.0
10,2018.06.22,5850.0,20.0,5830.0,5930.0,5750.0,1513631.0
11,2018.06.21,5830.0,230.0,6010.0,6110.0,5800.0,3237838.0
12,2018.06.20,6060.0,40.0,5970.0,6110.0,5940.0,1893305.0
13,2018.06.19,6020.0,210.0,6190.0,6310.0,5990.0,1941424.0
1,2018.06.18,6230.0,220.0,6450.0,6460.0,6120.0,2501544.0
2,2018.06.15,6450.0,10.0,6440.0,6590.0,6420.0,2137856.0
3,2018.06.14,6440.0,310.0,6570.0,6710.0,6430.0,4014882.0
4,2018.06.12,6750.0,40.0,6840.0,6900.0,6600.0,4908193.0
5,2018.06.11,6790.0,410.0,6390.0,6790.0,6380.0,4214171.0
9,2018.06.08,6380.0,40.0,6480.0,6510.0,6320.0,1196712.0
10,2018.06.07,6420.0,110.0,6540.0,6570.0,6380.0,2179054.0
11,2018.06.05,6530.0,350.0,6150.0,6550.0,6150.0,3463619.0
12,2018.06.04,6180.0,50.0,6380.0,6400.0,6130.0,2577132.0
13,2018.06.01,6230.0,220.0,6490.0,6530.0,6190.0,3008193.0
1,2018.05.31,6450.0,40.0,6540.0,6580.0,6150.0,5854691.0
2,2018.05.30,6490.0,90.0,6610.0,6680.0,6370.0,6728186.0
3,2018.05.29,6580.0,380.0,6900.0,6950.0,6510.0,4024110.0
4,2018.05.28,6960.0,880.0,6530.0,7440.0,6510.0,13248700.0
5,2018.05.25,6080.0,440.0,6050.0,6290.0,6000.0,8480778.0
9,2018.05.24,6520.0,140.0,6730.0,6740.0,6470.0,1990426.0
10,2018.05.23,6660.0,70.0,6520.0,6750.0,6300.0,4090799.0
11,2018.05.21,6730.0,350.0,7080.0,7100.0,6720.0,3923502.0
12,2018.05.18,7080.0,130.0,6960.0,7090.0,6830.0,2292875.0
13,2018.05.17,6950.0,80.0,6900.0,7200.0,6800.0,5121141.0
1,2018.05.16,6870.0,140.0,6660.0,6970.0,6600.0,6464378.0
2,2018.05.15,7010.0,90.0,6980.0,7100.0,6820.0,5272597.0
3,2018.05.14,6920.0,490.0,6530.0,6970.0,6500.0,9223127.0
4,2018.05.11,6430.0,60.0,6550.0,6550.0,6380.0,2008335.0
5,2018.05.10,6490.0,160.0,6440.0,6570.0,6380.0,2927708.0
9,2018.05.09,6330.0,0.0,6340.0,6380.0,6100.0,2365892.0
10,2018.05.08,6330.0,280.0,6560.0,6640.0,6310.0,4274532.0
11,2018.05.04,6610.0,220.0,6380.0,6630.0,6350.0,6168356.0
12,2018.05.03,6390.0,40.0,6450.0,6560.0,6300.0,2871082.0
13,2018.05.02,6430.0,80.0,6490.0,6640.0,6180.0,9272007.0
1,2018.04.30,6350.0,400.0,6100.0,6600.0,6060.0,9798465.0
2,2018.04.27,5950.0,10.0,6030.0,6180.0,5910.0,3412371.0
3,2018.04.26,5940.0,150.0,6170.0,6200.0,5870.0,3842524.0
4,2018.04.25,6090.0,130.0,6200.0,6250.0,6010.0,2127734.0
5,2018.04.24,6220.0,130.0,6150.0,6310.0,6020.0,3073043.0
9,2018.04.23,6090.0,190.0,6520.0,6520.0,5990.0,4751948.0
10,2018.04.20,6280.0,40.0,6370.0,6370.0,6100.0,2994387.0
11,2018.04.19,6320.0,330.0,6090.0,6340.0,6080.0,7978654.0
12,2018.04.18,5990.0,310.0,5700.0,6020.0,5680.0,4398386.0
13,2018.04.17,5680.0,110.0,5540.0,5720.0,5540.0,1820893.0
1,2018.04.16,5570.0,60.0,5510.0,5610.0,5450.0,906457.0
2,2018.04.13,5510.0,50.0,5560.0,5570.0,5480.0,727733.0
3,2018.04.12,5560.0,70.0,5490.0,5630.0,5470.0,1553738.0
4,2018.04.11,5490.0,20.0,5510.0,5570.0,5440.0,1069489.0
5,2018.04.10,5510.0,70.0,5540.0,5620.0,5460.0,1366020.0
9,2018.04.09,5580.0,260.0,5470.0,5670.0,5430.0,4703256.0
10,2018.04.06,5320.0,110.0,5220.0,5350.0,5180.0,1290105.0
11,2018.04.05,5210.0,40.0,5200.0,5260.0,5190.0,1007509.0
12,2018.04.04,5170.0,100.0,5280.0,5280.0,5140.0,1269251.0
13,2018.04.03,5270.0,50.0,5170.0,5300.0,5120.0,870694.0
1,2018.04.02,5220.0,50.0,5370.0,5380.0,5190.0,1155068.0
2,2018.03.30,5270.0,60.0,5220.0,5320.0,5200.0,827716.0
3,2018.03.29,5210.0,40.0,5260.0,5290.0,5120.0,1605698.0
4,2018.03.28,5250.0,10.0,5150.0,5410.0,5150.0,1328612.0
5,2018.03.27,5240.0,40.0,5290.0,5310.0,5190.0,1096637.0
9,2018.03.26,5200.0,30.0,5200.0,5260.0,5070.0,2044019.0
10,2018.03.23,5170.0,210.0,5240.0,5360.0,5150.0,1631017.0
11,2018.03.22,5380.0,10.0,5380.0,5510.0,5380.0,1219819.0
12,2018.03.21,5390.0,120.0,5450.0,5520.0,5350.0,1548219.0
13,2018.03.20,5510.0,20.0,5420.0,5520.0,5320.0,2273225.0
1,2018.03.19,5490.0,140.0,5610.0,5640.0,5460.0,1834593.0
2,2018.03.16,5630.0,20.0,5670.0,5690.0,5570.0,1119298.0
3,2018.03.15,5610.0,30.0,5590.0,5690.0,5540.0,1155599.0
4,2018.03.14,5580.0,140.0,5660.0,5690.0,5510.0,1783876.0
5,2018.03.13,5720.0,220.0,5920.0,5930.0,5660.0,2612404.0
9,2018.03.12,5940.0,240.0,5740.0,5980.0,5700.0,3408070.0
10,2018.03.09,5700.0,280.0,5430.0,5770.0,5390.0,3881470.0
11,2018.03.08,5420.0,90.0,5310.0,5480.0,5270.0,2512542.0
12,2018.03.07,5330.0,140.0,5480.0,5500.0,5310.0,1833057.0
13,2018.03.06,5470.0,390.0,5120.0,5520.0,5110.0,4692440.0
1,2018.03.05,5080.0,10.0,5050.0,5120.0,5040.0,1294948.0
2,2018.03.02,5070.0,150.0,5150.0,5200.0,5020.0,2143959.0
3,2018.02.28,5220.0,120.0,5320.0,5320.0,5170.0,3294530.0
4,2018.02.27,5340.0,80.0,5460.0,5460.0,5210.0,1849551.0
5,2018.02.26,5420.0,10.0,5470.0,5470.0,5340.0,1773294.0
9,2018.02.23,5430.0,170.0,5290.0,5440.0,5280.0,2589635.0
10,2018.02.22,5260.0,40.0,5200.0,5330.0,5170.0,2337722.0
11,2018.02.21,5220.0,60.0,5170.0,5260.0,5120.0,2018598.0
12,2018.02.20,5160.0,30.0,5220.0,5220.0,5100.0,1822507.0
13,2018.02.19,5190.0,290.0,4940.0,5210.0,4935.0,3682367.0
1,2018.02.14,4900.0,25.0,4945.0,4945.0,4895.0,1934620.0
2,2018.02.13,4925.0,25.0,4950.0,4970.0,4875.0,4025221.0
3,2018.02.12,4900.0,160.0,4800.0,4915.0,4790.0,6396260.0
4,2018.02.09,5060.0,120.0,5060.0,5130.0,5030.0,4311287.0
5,2018.02.08,5180.0,500.0,5500.0,5510.0,5130.0,11719649.0
9,2018.02.07,5680.0,70.0,5810.0,5920.0,5650.0,4207156.0
10,2018.02.06,5750.0,270.0,5700.0,5820.0,5630.0,4198424.0
11,2018.02.05,6020.0,120.0,6080.0,6110.0,5970.0,3109158.0
12,2018.02.02,6140.0,50.0,6070.0,6160.0,6050.0,2462207.0
13,2018.02.01,6090.0,110.0,6230.0,6230.0,6000.0,3782960.0
1,2018.01.31,6200.0,60.0,6210.0,6260.0,6040.0,4121329.0
2,2018.01.30,6140.0,40.0,6180.0,6280.0,6120.0,2814616.0
3,2018.01.29,6180.0,110.0,6120.0,6290.0,6090.0,5640428.0
4,2018.01.26,6070.0,0.0,6080.0,6170.0,5980.0,4676623.0
5,2018.01.25,6070.0,170.0,5950.0,6090.0,5920.0,3853132.0
9,2018.01.24,5900.0,110.0,6050.0,6060.0,5880.0,1873962.0
10,2018.01.23,6010.0,110.0,5940.0,6040.0,5900.0,3097667.0
11,2018.01.22,5900.0,60.0,5930.0,5970.0,5760.0,2588411.0
12,2018.01.19,5960.0,230.0,5760.0,6020.0,5740.0,4679922.0
13,2018.01.18,5730.0,90.0,5820.0,5880.0,5700.0,2020250.0
1,2018.01.17,5820.0,60.0,5810.0,5840.0,5710.0,2268412.0
2,2018.01.16,5760.0,90.0,5820.0,5830.0,5720.0,1412316.0
3,2018.01.15,5850.0,20.0,5860.0,5870.0,5730.0,2250536.0
4,2018.01.12,5870.0,30.0,5900.0,6000.0,5810.0,3199318.0
5,2018.01.11,5900.0,180.0,6120.0,6150.0,5900.0,23827071.0
9,2018.01.10,6080.0,40.0,6030.0,6230.0,6010.0,2837827.0
10,2018.01.09,6040.0,90.0,6130.0,6170.0,6000.0,1887226.0
11,2018.01.08,6130.0,10.0,6140.0,6260.0,6060.0,1955425.0
12,2018.01.05,6140.0,10.0,6190.0,6220.0,6050.0,1883209.0
13,2018.01.04,6150.0,200.0,6040.0,6200.0,5980.0,2916714.0
1,2018.01.03,5950.0,60.0,5910.0,6030.0,5890.0,1797670.0
2,2018.01.02,5890.0,30.0,5840.0,5950.0,5830.0,837530.0
3,2017.12.28,5920.0,70.0,5860.0,6050.0,5840.0,1575691.0
4,2017.12.27,5850.0,10.0,5880.0,5920.0,5710.0,1475195.0
5,2017.12.26,5860.0,120.0,5810.0,5940.0,5800.0,1466221.0
9,2017.12.22,5740.0,50.0,5810.0,5850.0,5730.0,1022871.0
10,2017.12.21,5790.0,40.0,5790.0,5830.0,5690.0,1147606.0
11,2017.12.20,5750.0,70.0,5810.0,5810.0,5710.0,1084001.0
12,2017.12.19,5820.0,20.0,5800.0,5930.0,5790.0,1519859.0
13,2017.12.18,5800.0,140.0,5940.0,5980.0,5760.0,2124664.0
1,2017.12.15,5940.0,410.0,5670.0,5950.0,5670.0,3307940.0
2,2017.12.14,5530.0,260.0,5850.0,5880.0,5530.0,2871682.0
3,2017.12.13,5790.0,170.0,5670.0,5930.0,5630.0,3699423.0
4,2017.12.12,5620.0,190.0,5420.0,5660.0,5370.0,1686748.0
5,2017.12.11,5430.0,100.0,5510.0,5600.0,5360.0,2315644.0
9,2017.12.08,5530.0,60.0,5470.0,5630.0,5470.0,1829256.0
10,2017.12.07,5470.0,250.0,5740.0,5740.0,5430.0,3151425.0
11,2017.12.06,5720.0,60.0,5770.0,5890.0,5680.0,2919717.0
12,2017.12.05,5780.0,210.0,5580.0,5790.0,5580.0,2614354.0
13,2017.12.04,5570.0,50.0,5550.0,5690.0,5550.0,2527205.0
1,2017.12.01,5520.0,90.0,5620.0,5640.0,5510.0,2045307.0
2,2017.11.30,5610.0,50.0,5700.0,5710.0,5570.0,2291369.0
3,2017.11.29,5660.0,30.0,5710.0,5760.0,5650.0,1677405.0
4,2017.11.28,5690.0,30.0,5700.0,5810.0,5680.0,2237453.0
5,2017.11.27,5720.0,0.0,5740.0,5770.0,5660.0,2145945.0
9,2017.11.24,5720.0,20.0,5710.0,5870.0,5680.0,3119834.0
10,2017.11.23,5700.0,90.0,5830.0,5860.0,5700.0,2408404.0
11,2017.11.22,5790.0,0.0,5740.0,5890.0,5670.0,3626161.0
12,2017.11.21,5790.0,360.0,6170.0,6170.0,5730.0,7143712.0
13,2017.11.20,6150.0,40.0,6230.0,6290.0,6130.0,2281263.0
1,2017.11.17,6190.0,10.0,6240.0,6350.0,6160.0,2909142.0
2,2017.11.16,6200.0,60.0,6180.0,6250.0,6110.0,2262652.0
3,2017.11.15,6140.0,150.0,6320.0,6330.0,6100.0,3727691.0
4,2017.11.14,6290.0,60.0,6400.0,6500.0,6050.0,6454109.0
5,2017.11.13,6350.0,400.0,6900.0,6910.0,6280.0,7286856.0
9,2017.11.10,6750.0,80.0,6590.0,6900.0,6540.0,9285408.0
10,2017.11.09,6670.0,270.0,6450.0,6800.0,6430.0,12015690.0
11,2017.11.08,6400.0,100.0,6450.0,6500.0,6340.0,16518883.0
12,2017.11.07,6500.0,310.0,6740.0,6740.0,6500.0,26215099.0
13,2017.11.06,6810.0,30.0,6800.0,6830.0,6710.0,1940723.0
1,2017.11.03,6840.0,0.0,6910.0,6960.0,6810.0,2317699.0
2,2017.11.02,6840.0,500.0,7210.0,7210.0,6710.0,7026872.0
3,2017.11.01,7340.0,10.0,7270.0,7440.0,7270.0,939892.0
4,2017.10.31,7350.0,30.0,7300.0,7370.0,7250.0,737020.0
5,2017.10.30,7320.0,190.0,7500.0,7510.0,7290.0,947960.0
9,2017.10.27,7510.0,20.0,7460.0,7650.0,7460.0,784421.0
10,2017.10.26,7490.0,90.0,7560.0,7610.0,7430.0,986916.0
11,2017.10.25,7580.0,270.0,7430.0,7730.0,7340.0,3433360.0
12,2017.10.24,7310.0,300.0,7010.0,7330.0,6930.0,1785514.0
13,2017.10.23,7010.0,100.0,7100.0,7140.0,6930.0,1039277.0
1,2017.10.20,7110.0,30.0,7160.0,7170.0,7070.0,416807.0
2,2017.10.19,7140.0,50.0,7180.0,7300.0,7100.0,715452.0
3,2017.10.18,7190.0,30.0,7110.0,7230.0,7040.0,824793.0
4,2017.10.17,7160.0,90.0,7310.0,7320.0,7070.0,793382.0
5,2017.10.16,7250.0,100.0,7220.0,7320.0,7110.0,897706.0
9,2017.10.13,7150.0,20.0,7110.0,7190.0,7020.0,1195721.0
10,2017.10.12,7130.0,50.0,7050.0,7180.0,7020.0,1099723.0
11,2017.10.11,7080.0,220.0,7250.0,7270.0,7030.0,1317743.0
12,2017.10.10,7300.0,90.0,7270.0,7440.0,7200.0,1391670.0
13,2017.09.29,7210.0,110.0,7190.0,7270.0,7090.0,748002.0
1,2017.09.28,7100.0,30.0,7070.0,7140.0,7030.0,464005.0
2,2017.09.27,7070.0,120.0,7120.0,7210.0,7000.0,707487.0
3,2017.09.26,7190.0,190.0,7040.0,7240.0,7030.0,1312640.0
4,2017.09.25,7000.0,10.0,6910.0,7060.0,6910.0,655112.0
5,2017.09.22,7010.0,20.0,7030.0,7090.0,6940.0,664839.0
9,2017.09.21,7030.0,100.0,7100.0,7220.0,6920.0,1214637.0
10,2017.09.20,7130.0,80.0,7260.0,7300.0,7090.0,1122882.0
11,2017.09.19,7210.0,190.0,7130.0,7290.0,7110.0,1041639.0
12,2017.09.18,7020.0,130.0,6890.0,7060.0,6880.0,796608.0
13,2017.09.15,6890.0,30.0,6850.0,6910.0,6760.0,661571.0
1,2017.09.14,6920.0,100.0,6800.0,6920.0,6760.0,932716.0
2,2017.09.13,6820.0,120.0,6930.0,6960.0,6780.0,913617.0
3,2017.09.12,6940.0,0.0,6930.0,6980.0,6870.0,570778.0
4,2017.09.11,6940.0,70.0,7020.0,7060.0,6850.0,1668236.0
5,2017.09.08,7010.0,40.0,7060.0,7080.0,6960.0,885203.0
9,2017.09.07,7050.0,20.0,7130.0,7130.0,7000.0,958650.0
10,2017.09.06,7070.0,270.0,7280.0,7380.0,7020.0,1348686.0
11,2017.09.05,7340.0,240.0,7200.0,7590.0,7140.0,1862611.0
12,2017.09.04,7100.0,330.0,7150.0,7350.0,7100.0,2128558.0
13,2017.09.01,7430.0,400.0,7120.0,7800.0,7030.0,6159334.0
1,2017.08.31,7030.0,20.0,7020.0,7030.0,6760.0,2943706.0
2,2017.08.30,7050.0,50.0,7080.0,7090.0,6970.0,806457.0
3,2017.08.29,7100.0,0.0,7180.0,7180.0,7020.0,763515.0
4,2017.08.28,7100.0,10.0,7110.0,7160.0,7030.0,650531.0
5,2017.08.25,7110.0,60.0,7140.0,7160.0,7070.0,530210.0
9,2017.08.24,7170.0,70.0,7110.0,7220.0,7090.0,615430.0
10,2017.08.23,7100.0,60.0,7150.0,7200.0,7070.0,757391.0
11,2017.08.22,7160.0,20.0,7160.0,7270.0,7140.0,647838.0
12,2017.08.21,7180.0,190.0,7000.0,7270.0,7000.0,1073984.0
13,2017.08.18,6990.0,210.0,7150.0,7200.0,6920.0,1630736.0
1,2017.08.17,7200.0,30.0,7190.0,7290.0,7100.0,925708.0
2,2017.08.16,7230.0,110.0,7340.0,7360.0,7180.0,986628.0
3,2017.08.14,7340.0,50.0,7370.0,7400.0,7280.0,719958.0
4,2017.08.11,7290.0,230.0,7400.0,7430.0,7220.0,1632259.0
5,2017.08.10,7520.0,120.0,7450.0,7600.0,7340.0,1306946.0
9,2017.08.09,7400.0,280.0,7610.0,7710.0,7400.0,1525363.0
10,2017.08.08,7680.0,130.0,7880.0,7900.0,7660.0,907086.0
11,2017.08.07,7810.0,60.0,7890.0,8030.0,7780.0,1265886.0
12,2017.08.04,7870.0,210.0,7650.0,7900.0,7650.0,1021522.0
13,2017.08.03,7660.0,500.0,8100.0,8150.0,7650.0,2854513.0
1,2017.08.02,8160.0,20.0,8110.0,8320.0,8060.0,1435881.0
2,2017.08.01,8140.0,50.0,8210.0,8230.0,8010.0,1248358.0
3,2017.07.31,8190.0,170.0,8050.0,8200.0,8020.0,1737581.0
4,2017.07.28,8020.0,70.0,7990.0,8160.0,7910.0,2294802.0
5,2017.07.27,7950.0,150.0,7800.0,7980.0,7710.0,1497712.0
9,2017.07.26,7800.0,30.0,7850.0,8020.0,7700.0,1891697.0
10,2017.07.25,7770.0,60.0,7830.0,7830.0,7650.0,1007941.0
11,2017.07.24,7830.0,50.0,7820.0,7870.0,7780.0,541826.0
12,2017.07.21,7780.0,60.0,7830.0,7840.0,7700.0,755119.0
13,2017.07.20,7840.0,130.0,7760.0,7840.0,7710.0,762471.0
1,2017.07.19,7710.0,190.0,7510.0,7780.0,7500.0,1312017.0
2,2017.07.18,7520.0,100.0,7620.0,7650.0,7460.0,1064260.0
3,2017.07.17,7620.0,70.0,7740.0,7740.0,7580.0,788496.0
4,2017.07.14,7690.0,130.0,7540.0,7690.0,7530.0,770039.0
5,2017.07.13,7560.0,80.0,7620.0,7750.0,7530.0,1379901.0
9,2017.07.12,7640.0,220.0,7830.0,7900.0,7580.0,1358305.0
10,2017.07.11,7860.0,180.0,8080.0,8090.0,7830.0,1288048.0
11,2017.07.10,8040.0,190.0,7900.0,8080.0,7820.0,1603955.0
12,2017.07.07,7850.0,50.0,7840.0,7970.0,7800.0,1295577.0
13,2017.07.06,7800.0,60.0,7710.0,8040.0,7700.0,1737411.0
1,2017.07.05,7740.0,60.0,7870.0,7870.0,7720.0,970090.0
2,2017.07.04,7800.0,10.0,7810.0,7940.0,7720.0,1478367.0
3,2017.07.03,7790.0,210.0,7630.0,7950.0,7630.0,3030179.0
4,2017.06.30,7580.0,290.0,7240.0,7790.0,7200.0,3973218.0
5,2017.06.29,7290.0,340.0,6940.0,7340.0,6910.0,1867266.0
9,2017.06.28,6950.0,180.0,6780.0,6990.0,6780.0,824792.0
10,2017.06.27,6770.0,140.0,6900.0,6910.0,6740.0,1036909.0
11,2017.06.26,6910.0,170.0,7100.0,7100.0,6910.0,885078.0
12,2017.06.23,7080.0,150.0,6950.0,7100.0,6880.0,927999.0
13,2017.06.22,6930.0,60.0,6990.0,7000.0,6790.0,1077291.0
1,2017.06.21,6990.0,10.0,6920.0,7000.0,6920.0,971610.0
2,2017.06.20,6980.0,10.0,6890.0,7040.0,6890.0,941761.0
3,2017.06.19,6990.0,80.0,7040.0,7080.0,6940.0,1026494.0
4,2017.06.16,7070.0,40.0,7090.0,7110.0,7040.0,1121892.0
5,2017.06.15,7110.0,80.0,7170.0,7200.0,7050.0,1088457.0
9,2017.06.14,7190.0,0.0,7180.0,7210.0,7060.0,1383755.0
10,2017.06.13,7190.0,110.0,7070.0,7190.0,7060.0,1330809.0
11,2017.06.12,7080.0,60.0,7100.0,7220.0,7040.0,1400170.0
12,2017.06.09,7140.0,220.0,7420.0,7420.0,7100.0,2742475.0
13,2017.06.08,7360.0,70.0,7350.0,7440.0,7270.0,2393849.0
1,2017.06.07,7430.0,50.0,7500.0,7550.0,7420.0,1166031.0
2,2017.06.05,7480.0,60.0,7540.0,7550.0,7290.0,2412659.0
3,2017.06.02,7540.0,20.0,7560.0,7590.0,7500.0,981631.0
4,2017.06.01,7560.0,10.0,7560.0,7610.0,7500.0,1266807.0
5,2017.05.31,7550.0,30.0,7560.0,7660.0,7500.0,1678188.0
9,2017.05.30,7580.0,0.0,7600.0,7680.0,7510.0,1751938.0
10,2017.05.29,7580.0,160.0,7700.0,7740.0,7500.0,2822267.0
11,2017.05.26,7740.0,50.0,7830.0,7840.0,7720.0,2336480.0
12,2017.05.25,7790.0,180.0,7650.0,7800.0,7570.0,4515872.0
13,2017.05.24,7610.0,510.0,7510.0,7660.0,7420.0,36770279.0
1,2017.05.23,8120.0,50.0,8050.0,8180.0,8030.0,865925.0
2,2017.05.22,8070.0,140.0,7980.0,8070.0,7920.0,1109274.0
3,2017.05.19,7930.0,20.0,7980.0,7980.0,7820.0,807879.0
4,2017.05.18,7910.0,90.0,7700.0,7970.0,7690.0,1046599.0
5,2017.05.17,7820.0,90.0,7920.0,7970.0,7740.0,1394199.0
9,2017.05.16,7910.0,210.0,7720.0,7910.0,7660.0,936018.0
10,2017.05.15,7700.0,50.0,7740.0,7850.0,7660.0,891423.0
11,2017.05.12,7750.0,10.0,7730.0,7770.0,7640.0,658565.0
12,2017.05.11,7740.0,160.0,7620.0,7750.0,7550.0,1164338.0
13,2017.05.10,7580.0,90.0,7500.0,7640.0,7470.0,1426044.0
1,2017.05.08,7490.0,20.0,7470.0,7500.0,7360.0,882883.0
2,2017.05.04,7470.0,160.0,7260.0,7470.0,7260.0,1455605.0
3,2017.05.02,7310.0,20.0,7230.0,7350.0,7230.0,891987.0
4,2017.04.28,7290.0,10.0,7310.0,7350.0,7190.0,950252.0
5,2017.04.27,7280.0,10.0,7260.0,7340.0,7220.0,636467.0
9,2017.04.26,7290.0,10.0,7280.0,7390.0,7240.0,1058396.0
10,2017.04.25,7280.0,60.0,7300.0,7520.0,7200.0,2199589.0
11,2017.04.24,7220.0,110.0,7150.0,7220.0,7150.0,1024038.0
12,2017.04.21,7110.0,40.0,7100.0,7210.0,7070.0,1095646.0
13,2017.04.20,7070.0,140.0,6900.0,7120.0,6860.0,978857.0
1,2017.04.19,6930.0,20.0,6880.0,6980.0,6880.0,726707.0
2,2017.04.18,6910.0,30.0,6860.0,6950.0,6840.0,849937.0
3,2017.04.17,6880.0,60.0,6860.0,6930.0,6810.0,705817.0
4,2017.04.14,6820.0,40.0,6820.0,6860.0,6780.0,1024041.0
5,2017.04.13,6780.0,330.0,6790.0,6870.0,6670.0,10426634.0
9,2017.04.12,7110.0,20.0,7130.0,7160.0,7070.0,453222.0
10,2017.04.11,7130.0,50.0,7040.0,7180.0,7030.0,557485.0
11,2017.04.10,7080.0,120.0,7140.0,7240.0,6980.0,836997.0
12,2017.04.07,7200.0,10.0,7190.0,7230.0,7130.0,332690.0
13,2017.04.06,7190.0,20.0,7160.0,7220.0,7120.0,373754.0
1,2017.04.05,7170.0,0.0,7180.0,7280.0,7130.0,947900.0
2,2017.04.04,7170.0,0.0,7180.0,7220.0,7080.0,823907.0
3,2017.04.03,7170.0,80.0,7250.0,7260.0,7130.0,645719.0
4,2017.03.31,7250.0,40.0,7210.0,7340.0,7130.0,781679.0
5,2017.03.30,7210.0,20.0,7250.0,7250.0,7050.0,842066.0
9,2017.03.29,7230.0,90.0,7320.0,7330.0,7170.0,722384.0
10,2017.03.28,7320.0,310.0,7040.0,7370.0,7020.0,1388249.0
11,2017.03.27,7010.0,50.0,7060.0,7150.0,6940.0,1079308.0
12,2017.03.24,7060.0,220.0,7290.0,7310.0,7010.0,1669870.0
13,2017.03.23,7280.0,340.0,7030.0,7320.0,7000.0,2109328.0
1,2017.03.22,6940.0,70.0,6860.0,7020.0,6800.0,1976295.0
2,2017.03.21,6870.0,150.0,6790.0,6920.0,6710.0,1416879.0
3,2017.03.20,6720.0,30.0,6680.0,6780.0,6610.0,902633.0
4,2017.03.17,6690.0,110.0,6670.0,6780.0,6540.0,1591133.0
5,2017.03.16,6580.0,200.0,6440.0,6660.0,6440.0,1339897.0
9,2017.03.15,6380.0,10.0,6310.0,6480.0,6300.0,884857.0
10,2017.03.14,6370.0,10.0,6340.0,6440.0,6270.0,1003245.0
11,2017.03.13,6360.0,110.0,6260.0,6360.0,6170.0,694239.0
12,2017.03.10,6250.0,10.0,6220.0,6300.0,6140.0,472344.0
13,2017.03.09,6240.0,120.0,6360.0,6360.0,6230.0,606150.0
1,2017.03.08,6360.0,10.0,6400.0,6560.0,6300.0,1197591.0
2,2017.03.07,6370.0,280.0,6060.0,6380.0,6060.0,1464485.0
3,2017.03.06,6090.0,60.0,6000.0,6120.0,5990.0,548567.0
4,2017.03.03,6030.0,90.0,6060.0,6100.0,5990.0,672617.0
5,2017.03.02,6120.0,10.0,6150.0,6160.0,6060.0,709686.0
9,2017.02.28,6130.0,80.0,6030.0,6140.0,5960.0,1324044.0
10,2017.02.27,6210.0,30.0,6160.0,6230.0,6160.0,371758.0
11,2017.02.24,6180.0,40.0,6220.0,6220.0,6140.0,475533.0
12,2017.02.23,6220.0,10.0,6230.0,6240.0,6160.0,560958.0
13,2017.02.22,6230.0,80.0,6180.0,6230.0,6140.0,497366.0
1,2017.02.21,6150.0,30.0,6130.0,6190.0,6080.0,836782.0
2,2017.02.20,6120.0,100.0,6220.0,6230.0,6040.0,772600.0
3,2017.02.17,6220.0,30.0,6200.0,6270.0,6170.0,699234.0
4,2017.02.16,6250.0,20.0,6300.0,6380.0,6190.0,914056.0
5,2017.02.15,6270.0,140.0,6500.0,6510.0,6170.0,3185984.0
9,2017.02.14,6130.0,120.0,6020.0,6130.0,5880.0,1425775.0
10,2017.02.13,6010.0,180.0,5860.0,6080.0,5820.0,2434697.0
11,2017.02.10,5830.0,10.0,5920.0,5980.0,5760.0,2694168.0
12,2017.02.09,5840.0,490.0,5380.0,5880.0,5380.0,4746627.0
13,2017.02.08,5350.0,50.0,5370.0,5380.0,5270.0,754736.0
1,2017.02.07,5400.0,20.0,5400.0,5450.0,5350.0,572240.0
2,2017.02.06,5420.0,70.0,5510.0,5510.0,5380.0,732868.0
3,2017.02.03,5350.0,80.0,5280.0,5500.0,5270.0,1436053.0
4,2017.02.02,5270.0,10.0,5230.0,5320.0,5210.0,904580.0
5,2017.02.01,5280.0,100.0,5230.0,5280.0,5200.0,746819.0
9,2017.01.31,5180.0,20.0,5210.0,5240.0,5170.0,402388.0
10,2017.01.26,5200.0,90.0,5130.0,5230.0,5120.0,537159.0
11,2017.01.25,5110.0,130.0,5210.0,5280.0,5100.0,803223.0
12,2017.01.24,5240.0,50.0,5260.0,5300.0,5190.0,424463.0
13,2017.01.23,5290.0,40.0,5330.0,5400.0,5280.0,417446.0
1,2017.01.20,5330.0,10.0,5360.0,5370.0,5300.0,334277.0
2,2017.01.19,5340.0,40.0,5350.0,5450.0,5320.0,328619.0
3,2017.01.18,5380.0,30.0,5400.0,5410.0,5330.0,360888.0
4,2017.01.17,5410.0,30.0,5330.0,5420.0,5330.0,359809.0
5,2017.01.16,5380.0,40.0,5460.0,5480.0,5280.0,746149.0
9,2017.01.13,5420.0,70.0,5500.0,5510.0,5340.0,782136.0
10,2017.01.12,5490.0,100.0,5400.0,5540.0,5370.0,1150590.0
11,2017.01.11,5390.0,190.0,5200.0,5420.0,5200.0,1013391.0
12,2017.01.10,5200.0,70.0,5260.0,5270.0,5200.0,544405.0
13,2017.01.09,5270.0,60.0,5240.0,5290.0,5190.0,680651.0
1,2017.01.06,5210.0,10.0,5240.0,5240.0,5190.0,313339.0
2,2017.01.05,5200.0,40.0,5240.0,5250.0,5180.0,506800.0
3,2017.01.04,5240.0,40.0,5200.0,5240.0,5180.0,584839.0
4,2017.01.03,5200.0,80.0,5160.0,5220.0,5140.0,535427.0
5,2017.01.02,5120.0,40.0,5120.0,5160.0,5090.0,337791.0
9,2016.12.29,5080.0,0.0,5060.0,5130.0,5060.0,329471.0
10,2016.12.28,5080.0,20.0,5080.0,5110.0,5050.0,451722.0
11,2016.12.27,5100.0,20.0,5120.0,5140.0,5080.0,365208.0
12,2016.12.26,5120.0,30.0,5190.0,5190.0,5100.0,370768.0
13,2016.12.23,5150.0,50.0,5080.0,5150.0,5070.0,340060.0
1,2016.12.22,5100.0,10.0,5130.0,5140.0,5070.0,401473.0
2,2016.12.21,5110.0,10.0,5100.0,5140.0,5070.0,327240.0
3,2016.12.20,5100.0,10.0,5140.0,5170.0,5080.0,466657.0
4,2016.12.19,5110.0,40.0,5200.0,5200.0,5090.0,629269.0
5,2016.12.16,5150.0,60.0,5220.0,5240.0,5140.0,663194.0
9,2016.12.15,5210.0,10.0,5200.0,5240.0,5160.0,547155.0
10,2016.12.14,5200.0,40.0,5220.0,5300.0,5200.0,460455.0
11,2016.12.13,5160.0,10.0,5200.0,5380.0,5160.0,1411483.0
12,2016.12.12,5170.0,30.0,5180.0,5250.0,5150.0,682898.0
13,2016.12.09,5140.0,150.0,5210.0,5210.0,5110.0,1183862.0
1,2016.12.08,5290.0,80.0,5260.0,5290.0,5180.0,556677.0
2,2016.12.07,5210.0,80.0,5300.0,5300.0,5180.0,626377.0
3,2016.12.06,5290.0,120.0,5200.0,5330.0,5120.0,734963.0
4,2016.12.05,5170.0,70.0,5230.0,5250.0,5090.0,632142.0
5,2016.12.02,5240.0,50.0,5200.0,5290.0,5180.0,522720.0
9,2016.12.01,5190.0,20.0,5240.0,5310.0,5190.0,572596.0
10,2016.11.30,5170.0,80.0,5270.0,5290.0,5170.0,767767.0
11,2016.11.29,5250.0,0.0,5260.0,5330.0,5210.0,508621.0
12,2016.11.28,5250.0,0.0,5250.0,5330.0,5160.0,648904.0
13,2016.11.25,5250.0,60.0,5320.0,5380.0,5090.0,1263183.0
1,2016.11.24,5310.0,130.0,5470.0,5490.0,5300.0,700518.0
2,2016.11.23,5440.0,60.0,5500.0,5560.0,5440.0,681928.0
3,2016.11.22,5500.0,80.0,5520.0,5590.0,5440.0,1285187.0
4,2016.11.21,5420.0,170.0,5260.0,5550.0,5250.0,2134418.0
5,2016.11.18,5250.0,220.0,5510.0,5520.0,5240.0,2423166.0
9,2016.11.17,5470.0,20.0,5450.0,5590.0,5450.0,2071578.0
10,2016.11.16,5490.0,320.0,5710.0,5850.0,5420.0,7375151.0
11,2016.11.15,5810.0,920.0,5970.0,6180.0,5750.0,8759304.0
12,2016.11.14,6730.0,120.0,6610.0,6900.0,6430.0,2924152.0
13,2016.11.11,6610.0,20.0,6910.0,7600.0,6600.0,9857419.0
1,2016.11.10,6590.0,320.0,6630.0,6650.0,6460.0,1990332.0
2,2016.11.09,6270.0,210.0,6480.0,6540.0,6110.0,1086021.0
3,2016.11.08,6480.0,150.0,6350.0,6480.0,6290.0,277064.0
4,2016.11.07,6330.0,80.0,6390.0,6390.0,6230.0,230738.0
5,2016.11.04,6250.0,130.0,6410.0,6410.0,6240.0,331422.0
9,2016.11.03,6380.0,110.0,6330.0,6400.0,6230.0,448375.0
10,2016.11.02,6270.0,80.0,6350.0,6350.0,6240.0,443103.0
11,2016.11.01,6350.0,20.0,6300.0,6360.0,6140.0,616264.0
12,2016.10.31,6330.0,10.0,6330.0,6470.0,6250.0,557679.0
13,2016.10.28,6320.0,140.0,6430.0,6430.0,6320.0,386419.0
1,2016.10.27,6460.0,60.0,6430.0,6490.0,6320.0,519167.0
2,2016.10.26,6400.0,150.0,6560.0,6580.0,6330.0,485765.0
3,2016.10.25,6550.0,20.0,6570.0,6580.0,6450.0,385861.0
4,2016.10.24,6570.0,190.0,6390.0,6570.0,6390.0,569852.0
5,2016.10.21,6380.0,40.0,6420.0,6450.0,6350.0,237948.0
9,2016.10.20,6420.0,10.0,6420.0,6480.0,6350.0,379119.0
10,2016.10.19,6410.0,150.0,6560.0,6600.0,6400.0,622323.0
11,2016.10.18,6560.0,10.0,6510.0,6580.0,6500.0,303183.0
12,2016.10.17,6570.0,0.0,6590.0,6620.0,6500.0,805665.0
13,2016.10.14,6570.0,50.0,6520.0,6590.0,6500.0,394137.0
1,2016.10.13,6520.0,130.0,6620.0,6660.0,6500.0,628006.0
2,2016.10.12,6650.0,40.0,6700.0,6790.0,6640.0,666493.0
3,2016.10.11,6690.0,40.0,6720.0,6750.0,6600.0,670226.0
4,2016.10.10,6650.0,80.0,6640.0,6730.0,6620.0,770515.0
5,2016.10.07,6570.0,100.0,6460.0,6620.0,6460.0,861444.0
9,2016.10.06,6470.0,10.0,6450.0,6520.0,6420.0,529902.0
10,2016.10.05,6480.0,0.0,6480.0,6510.0,6400.0,433960.0
11,2016.10.04,6480.0,120.0,6400.0,6520.0,6400.0,855237.0
12,2016.09.30,6360.0,80.0,6370.0,6440.0,6320.0,684240.0
13,2016.09.29,6440.0,140.0,6280.0,6490.0,6280.0,1393926.0
1,2016.09.28,6300.0,30.0,6300.0,6320.0,6210.0,548958.0
2,2016.09.27,6270.0,10.0,6260.0,6300.0,6170.0,556593.0
3,2016.09.26,6260.0,130.0,6220.0,6350.0,6190.0,868279.0
4,2016.09.23,6130.0,30.0,6160.0,6180.0,6100.0,414856.0
5,2016.09.22,6100.0,110.0,6060.0,6150.0,6030.0,610804.0
9,2016.09.21,5990.0,50.0,5910.0,6020.0,5900.0,443977.0
10,2016.09.20,5940.0,10.0,5910.0,5950.0,5880.0,480933.0
11,2016.09.19,5950.0,10.0,5910.0,5970.0,5900.0,565869.0
12,2016.09.13,5940.0,60.0,6070.0,6080.0,5930.0,491967.0
13,2016.09.12,6000.0,170.0,6110.0,6140.0,6000.0,774838.0
1,2016.09.09,6170.0,50.0,6250.0,6250.0,6130.0,560994.0
2,2016.09.08,6220.0,130.0,6120.0,6300.0,6100.0,1745839.0
3,2016.09.07,6090.0,20.0,6110.0,6170.0,6080.0,398858.0
4,2016.09.06,6110.0,30.0,6160.0,6170.0,6100.0,296656.0
5,2016.09.05,6140.0,100.0,6060.0,6160.0,6060.0,391286.0
9,2016.09.02,6040.0,20.0,6010.0,6070.0,6000.0,374131.0
10,2016.09.01,6060.0,20.0,6050.0,6110.0,6000.0,319987.0
11,2016.08.31,6080.0,10.0,6080.0,6120.0,6010.0,647438.0
12,2016.08.30,6070.0,30.0,6060.0,6150.0,6060.0,291056.0
13,2016.08.29,6040.0,120.0,6140.0,6150.0,6010.0,595948.0
1,2016.08.26,6160.0,10.0,6130.0,6230.0,6060.0,547159.0
2,2016.08.25,6170.0,170.0,6030.0,6200.0,6010.0,724674.0
3,2016.08.24,6000.0,40.0,6040.0,6050.0,5940.0,839361.0
4,2016.08.23,6040.0,90.0,6130.0,6170.0,6020.0,714634.0
5,2016.08.22,6130.0,100.0,6200.0,6230.0,6110.0,683695.0
9,2016.08.19,6230.0,110.0,6110.0,6250.0,6100.0,1185631.0
10,2016.08.18,6120.0,20.0,6150.0,6250.0,6100.0,716189.0
11,2016.08.17,6140.0,10.0,6160.0,6190.0,6090.0,461759.0
12,2016.08.16,6150.0,90.0,6320.0,6320.0,6150.0,608169.0
13,2016.08.12,6240.0,130.0,6110.0,6260.0,6110.0,865926.0
1,2016.08.11,6110.0,10.0,6130.0,6150.0,6050.0,482498.0
2,2016.08.10,6100.0,20.0,6080.0,6170.0,6050.0,619556.0
3,2016.08.09,6080.0,60.0,6150.0,6200.0,6040.0,1016647.0
4,2016.08.08,6140.0,30.0,6200.0,6270.0,6090.0,748585.0
5,2016.08.05,6170.0,40.0,6140.0,6230.0,6040.0,953729.0
9,2016.08.04,6130.0,170.0,6020.0,6160.0,5960.0,962388.0
10,2016.08.03,5960.0,120.0,6030.0,6050.0,5910.0,1382342.0
11,2016.08.02,6080.0,110.0,6240.0,6250.0,6080.0,970113.0
12,2016.08.01,6190.0,30.0,6250.0,6320.0,6180.0,1786471.0
13,2016.07.29,6220.0,280.0,5920.0,6240.0,5910.0,2094274.0
1,2016.07.28,5940.0,50.0,5900.0,5990.0,5880.0,891084.0
2,2016.07.27,5890.0,20.0,5900.0,5980.0,5870.0,837773.0
3,2016.07.26,5910.0,0.0,5940.0,6000.0,5900.0,934550.0
4,2016.07.25,5910.0,90.0,5850.0,5970.0,5830.0,569764.0
5,2016.07.22,5820.0,50.0,5770.0,5870.0,5770.0,540249.0
9,2016.07.21,5770.0,80.0,5860.0,5890.0,5750.0,793520.0
10,2016.07.20,5850.0,20.0,5890.0,5940.0,5830.0,587036.0
11,2016.07.19,5830.0,20.0,5850.0,5910.0,5780.0,363553.0
12,2016.07.18,5850.0,60.0,5800.0,5890.0,5800.0,452380.0
13,2016.07.15,5790.0,0.0,5810.0,5870.0,5780.0,673019.0
1,2016.07.14,5790.0,40.0,5770.0,5820.0,5760.0,371481.0
2,2016.07.13,5750.0,60.0,5800.0,5850.0,5750.0,619492.0
3,2016.07.12,5810.0,60.0,5750.0,5830.0,5750.0,541130.0
4,2016.07.11,5750.0,130.0,5650.0,5810.0,5650.0,516138.0
5,2016.07.08,5620.0,70.0,5670.0,5690.0,5540.0,658544.0
9,2016.07.07,5690.0,40.0,5720.0,5760.0,5650.0,359513.0
10,2016.07.06,5650.0,90.0,5730.0,5760.0,5630.0,592396.0
11,2016.07.05,5740.0,70.0,5800.0,5850.0,5710.0,565914.0
12,2016.07.04,5810.0,20.0,5750.0,5870.0,5750.0,493383.0
13,2016.07.01,5790.0,180.0,5660.0,5830.0,5660.0,731545.0
1,2016.06.30,5610.0,0.0,5650.0,5720.0,5560.0,876906.0
2,2016.06.29,5610.0,90.0,5570.0,5740.0,5570.0,801580.0
3,2016.06.28,5520.0,10.0,5430.0,5600.0,5430.0,591736.0
4,2016.06.27,5510.0,160.0,5440.0,5640.0,5440.0,1181250.0
5,2016.06.24,5670.0,250.0,5940.0,5980.0,5610.0,1212101.0
9,2016.06.23,5920.0,10.0,5880.0,5930.0,5830.0,291733.0
10,2016.06.22,5910.0,80.0,5810.0,5970.0,5810.0,557855.0
11,2016.06.21,5830.0,110.0,5950.0,5960.0,5820.0,586546.0
12,2016.06.20,5940.0,110.0,5800.0,5940.0,5800.0,394604.0
13,2016.06.17,5830.0,30.0,5900.0,5950.0,5770.0,570746.0
1,2016.06.16,5860.0,0.0,5880.0,5940.0,5830.0,617847.0
2,2016.06.15,5860.0,80.0,5840.0,5910.0,5820.0,526690.0
3,2016.06.14,5940.0,90.0,5860.0,5960.0,5830.0,778295.0
4,2016.06.13,5850.0,140.0,5990.0,6010.0,5830.0,508523.0
5,2016.06.10,5990.0,0.0,6020.0,6090.0,5970.0,610129.0
9,2016.06.09,5990.0,20.0,6020.0,6030.0,5940.0,1622250.0
10,2016.06.08,6010.0,150.0,5900.0,6020.0,5860.0,1117253.0
11,2016.06.07,5860.0,150.0,5700.0,5880.0,5700.0,751459.0
12,2016.06.03,5710.0,10.0,5690.0,5790.0,5690.0,645753.0
13,2016.06.02,5720.0,60.0,5770.0,5790.0,5680.0,926607.0
1,2016.06.01,5780.0,50.0,5830.0,5840.0,5760.0,654491.0
2,2016.05.31,5830.0,50.0,5780.0,5870.0,5750.0,1928158.0
3,2016.05.30,5780.0,60.0,5800.0,5880.0,5760.0,871727.0
4,2016.05.27,5840.0,110.0,5750.0,5840.0,5690.0,671715.0
5,2016.05.26,5730.0,20.0,5760.0,5790.0,5660.0,662219.0
9,2016.05.25,5750.0,70.0,5750.0,5790.0,5720.0,1011777.0
10,2016.05.24,5680.0,90.0,5770.0,5790.0,5650.0,736549.0
11,2016.05.23,5770.0,110.0,5830.0,5860.0,5710.0,1075872.0
12,2016.05.20,5880.0,50.0,5820.0,5920.0,5810.0,1044896.0
13,2016.05.19,5830.0,280.0,6060.0,6080.0,5750.0,2653468.0
1,2016.05.18,6110.0,10.0,6120.0,6200.0,6070.0,846926.0
2,2016.05.17,6100.0,160.0,6300.0,6430.0,6100.0,1968914.0
3,2016.05.16,6260.0,140.0,6380.0,6380.0,6150.0,2314997.0
4,2016.05.13,6400.0,580.0,5980.0,6450.0,5980.0,6383394.0
5,2016.05.12,5820.0,0.0,5780.0,5920.0,5760.0,620877.0
9,2016.05.11,5820.0,100.0,5960.0,5960.0,5810.0,1116290.0
10,2016.05.10,5920.0,120.0,5800.0,5940.0,5800.0,881151.0
11,2016.05.09,5800.0,210.0,5980.0,5990.0,5750.0,1838806.0
12,2016.05.04,6010.0,50.0,6050.0,6400.0,5960.0,4067702.0
13,2016.05.03,6060.0,120.0,6290.0,6310.0,6050.0,2229473.0
1,2016.05.02,6180.0,170.0,6380.0,6440.0,6180.0,1364391.0
2,2016.04.29,6350.0,320.0,6670.0,6680.0,6270.0,2544936.0
3,2016.04.28,6670.0,220.0,6510.0,6720.0,6460.0,1435229.0
4,2016.04.27,6450.0,10.0,6410.0,6510.0,6390.0,493012.0
5,2016.04.26,6460.0,80.0,6490.0,6550.0,6430.0,858007.0
9,2016.04.25,6540.0,190.0,6760.0,6790.0,6470.0,1408770.0
10,2016.04.22,6730.0,30.0,6670.0,6740.0,6580.0,1109363.0
11,2016.04.21,6700.0,260.0,6570.0,6730.0,6490.0,2171626.0
12,2016.04.20,6440.0,50.0,6540.0,6590.0,6440.0,1709240.0
13,2016.04.19,6490.0,450.0,6180.0,6650.0,6170.0,4182200.0
1,2016.04.18,6040.0,20.0,6020.0,6090.0,5950.0,756821.0
2,2016.04.15,6060.0,160.0,6200.0,6220.0,6050.0,945554.0
3,2016.04.14,6220.0,110.0,6200.0,6240.0,6130.0,993854.0
4,2016.04.12,6110.0,190.0,5910.0,6180.0,5910.0,1024394.0
5,2016.04.11,5920.0,10.0,5990.0,6000.0,5850.0,463286.0
9,2016.04.08,5930.0,40.0,5840.0,5970.0,5820.0,868405.0
10,2016.04.07,5890.0,130.0,6030.0,6050.0,5890.0,842374.0
11,2016.04.06,6020.0,80.0,5970.0,6100.0,5950.0,1143640.0
12,2016.04.05,5940.0,90.0,5940.0,6020.0,5910.0,1161438.0
13,2016.04.04,6030.0,70.0,6140.0,6140.0,6000.0,941677.0
1,2016.04.01,6100.0,180.0,6280.0,6320.0,6090.0,1706852.0
2,2016.03.31,6280.0,120.0,6420.0,6470.0,6270.0,818119.0
3,2016.03.30,6400.0,20.0,6440.0,6520.0,6390.0,861211.0
4,2016.03.29,6420.0,10.0,6440.0,6470.0,6360.0,1000423.0
5,2016.03.28,6410.0,20.0,6430.0,6470.0,6240.0,1139934.0
9,2016.03.25,6430.0,40.0,6880.0,6980.0,6430.0,4635364.0
10,2016.03.24,6470.0,50.0,6390.0,6550.0,6360.0,1174324.0
11,2016.03.23,6420.0,60.0,6450.0,6520.0,6360.0,632439.0
12,2016.03.22,6480.0,40.0,6570.0,6580.0,6420.0,668071.0
13,2016.03.21,6440.0,60.0,6550.0,6580.0,6440.0,794234.0
1,2016.03.18,6500.0,300.0,6230.0,6580.0,6230.0,2870306.0
2,2016.03.17,6200.0,260.0,5980.0,6240.0,5940.0,1067460.0
3,2016.03.16,5940.0,310.0,6280.0,6280.0,5900.0,1428577.0
4,2016.03.15,6250.0,100.0,6160.0,6290.0,6150.0,632213.0
5,2016.03.14,6150.0,50.0,6230.0,6280.0,6140.0,512832.0
9,2016.03.11,6200.0,70.0,6270.0,6270.0,6160.0,513389.0
10,2016.03.10,6270.0,120.0,6150.0,6310.0,6130.0,1062403.0
11,2016.03.09,6150.0,160.0,6220.0,6280.0,6040.0,1364074.0
12,2016.03.08,6310.0,20.0,6290.0,6360.0,6140.0,950723.0
13,2016.03.07,6290.0,20.0,6200.0,6380.0,6160.0,1158220.0
1,2016.03.04,6270.0,60.0,6210.0,6270.0,6070.0,1421098.0
2,2016.03.03,6210.0,710.0,5510.0,6300.0,5490.0,3703120.0
3,2016.03.02,5500.0,140.0,5440.0,5540.0,5400.0,889402.0
4,2016.02.29,5360.0,70.0,5470.0,5470.0,5360.0,640043.0
5,2016.02.26,5430.0,50.0,5480.0,5500.0,5410.0,406595.0
9,2016.02.25,5480.0,30.0,5460.0,5500.0,5410.0,514317.0
10,2016.02.24,5450.0,100.0,5530.0,5550.0,5410.0,545548.0
11,2016.02.23,5550.0,30.0,5570.0,5600.0,5520.0,545914.0
12,2016.02.22,5520.0,30.0,5500.0,5580.0,5470.0,406290.0
13,2016.02.19,5550.0,110.0,5600.0,5650.0,5530.0,592829.0
1,2016.02.18,5660.0,90.0,5690.0,5710.0,5600.0,1020284.0
2,2016.02.17,5570.0,30.0,5550.0,5630.0,5480.0,745583.0
3,2016.02.16,5540.0,40.0,5570.0,5570.0,5380.0,683603.0
4,2016.02.15,5500.0,170.0,5420.0,5500.0,5380.0,623875.0
5,2016.02.12,5330.0,30.0,5320.0,5420.0,5250.0,768161.0
9,2016.02.11,5360.0,200.0,5380.0,5460.0,5300.0,777560.0
10,2016.02.05,5560.0,10.0,5550.0,5670.0,5510.0,485207.0
11,2016.02.04,5550.0,200.0,5400.0,5620.0,5390.0,873686.0
12,2016.02.03,5350.0,190.0,5480.0,5480.0,5320.0,912335.0
13,2016.02.02,5540.0,30.0,5460.0,5570.0,5420.0,465141.0
1,2016.02.01,5510.0,30.0,5600.0,5630.0,5430.0,935882.0
2,2016.01.29,5540.0,60.0,5480.0,5580.0,5410.0,628917.0
3,2016.01.28,5480.0,80.0,5500.0,5600.0,5380.0,838815.0
4,2016.01.27,5560.0,180.0,5490.0,5660.0,5430.0,1379645.0
5,2016.01.26,5380.0,150.0,5490.0,5490.0,5240.0,781556.0
9,2016.01.25,5530.0,160.0,5450.0,5570.0,5370.0,582832.0
10,2016.01.22,5370.0,180.0,5260.0,5370.0,5230.0,517650.0
11,2016.01.21,5190.0,10.0,5110.0,5270.0,5100.0,497294.0
12,2016.01.20,5180.0,110.0,5290.0,5330.0,5060.0,749771.0
13,2016.01.19,5290.0,80.0,5420.0,5420.0,5250.0,495852.0
1,2016.01.18,5370.0,160.0,5430.0,5690.0,5330.0,899100.0
2,2016.01.15,5210.0,110.0,5390.0,5440.0,5150.0,787206.0
3,2016.01.14,5320.0,120.0,5350.0,5420.0,5270.0,741668.0
4,2016.01.13,5440.0,320.0,5170.0,5600.0,5160.0,2043769.0
5,2016.01.12,5120.0,130.0,5300.0,5330.0,5100.0,592939.0
9,2016.01.11,5250.0,40.0,5220.0,5340.0,5120.0,547177.0
10,2016.01.08,5290.0,100.0,5190.0,5320.0,5060.0,484333.0
11,2016.01.07,5190.0,20.0,5240.0,5260.0,5130.0,532865.0
12,2016.01.06,5210.0,100.0,5300.0,5370.0,5160.0,981888.0
13,2016.01.05,5310.0,40.0,5260.0,5420.0,5260.0,503058.0
1,2016.01.04,5350.0,250.0,5540.0,5610.0,5350.0,744578.0
2,2015.12.30,5600.0,50.0,5680.0,5750.0,5590.0,367938.0
3,2015.12.29,5650.0,10.0,5600.0,5740.0,5600.0,320390.0
4,2015.12.28,5660.0,170.0,5840.0,5880.0,5660.0,473224.0
5,2015.12.24,5830.0,120.0,5730.0,5880.0,5730.0,416491.0
9,2015.12.23,5710.0,110.0,5620.0,5790.0,5580.0,531839.0
10,2015.12.22,5600.0,10.0,5590.0,5610.0,5520.0,454052.0
11,2015.12.21,5590.0,30.0,5620.0,5690.0,5550.0,491954.0
12,2015.12.18,5620.0,60.0,5680.0,5690.0,5620.0,578989.0
13,2015.12.17,5680.0,0.0,5720.0,5750.0,5620.0,464202.0
1,2015.12.16,5680.0,80.0,5660.0,5770.0,5630.0,736398.0
2,2015.12.15,5600.0,30.0,5580.0,5720.0,5540.0,590107.0
3,2015.12.14,5570.0,270.0,5790.0,5800.0,5560.0,652027.0
4,2015.12.11,5840.0,120.0,5950.0,6030.0,5790.0,590724.0
5,2015.12.10,5960.0,0.0,5960.0,6000.0,5880.0,526517.0
9,2015.12.09,5960.0,100.0,6060.0,6100.0,5920.0,420610.0
10,2015.12.08,6060.0,90.0,6150.0,6230.0,6050.0,461915.0
11,2015.12.07,6150.0,90.0,6350.0,6350.0,6150.0,382132.0
12,2015.12.04,6240.0,60.0,6240.0,6270.0,6210.0,312232.0
13,2015.12.03,6300.0,10.0,6250.0,6320.0,6230.0,238261.0
1,2015.12.02,6290.0,10.0,6250.0,6350.0,6250.0,286406.0
2,2015.12.01,6300.0,90.0,6220.0,6350.0,6220.0,323696.0
3,2015.11.30,6210.0,240.0,6360.0,6370.0,6170.0,1095146.0
4,2015.11.27,6450.0,20.0,6530.0,6570.0,6420.0,257759.0
5,2015.11.26,6470.0,10.0,6510.0,6540.0,6310.0,410547.0
9,2015.11.25,6460.0,120.0,6560.0,6560.0,6450.0,217902.0
10,2015.11.24,6580.0,100.0,6480.0,6630.0,6460.0,482249.0
11,2015.11.23,6480.0,150.0,6370.0,6500.0,6350.0,566340.0
12,2015.11.20,6330.0,50.0,6330.0,6400.0,6300.0,303453.0
13,2015.11.19,6380.0,200.0,6220.0,6450.0,6210.0,522425.0
1,2015.11.18,6180.0,90.0,6210.0,6260.0,6150.0,524637.0
2,2015.11.17,6270.0,140.0,6170.0,6280.0,6160.0,423745.0
3,2015.11.16,6130.0,90.0,6100.0,6200.0,6080.0,680361.0
4,2015.11.13,6220.0,30.0,6130.0,6240.0,6120.0,484717.0
5,2015.11.12,6190.0,0.0,6190.0,6250.0,6150.0,239940.0
9,2015.11.11,6190.0,20.0,6180.0,6320.0,6180.0,443442.0
10,2015.11.10,6210.0,10.0,6200.0,6380.0,6040.0,883261.0
11,2015.11.09,6220.0,180.0,6370.0,6390.0,6210.0,657575.0
12,2015.11.06,6400.0,150.0,6550.0,6550.0,6390.0,563448.0
13,2015.11.05,6550.0,110.0,6600.0,6640.0,6510.0,472756.0
1,2015.11.04,6660.0,70.0,6760.0,6760.0,6590.0,502544.0
2,2015.11.03,6730.0,110.0,6700.0,6730.0,6630.0,636493.0
3,2015.11.02,6620.0,110.0,6420.0,6650.0,6420.0,767586.0
4,2015.10.30,6510.0,160.0,6680.0,6700.0,6470.0,903741.0
5,2015.10.29,6670.0,270.0,6930.0,6950.0,6650.0,1395766.0
9,2015.10.28,6940.0,70.0,7010.0,7040.0,6840.0,1078868.0
10,2015.10.27,7010.0,400.0,7380.0,7410.0,6900.0,2101339.0
11,2015.10.26,7410.0,80.0,7400.0,7480.0,7170.0,1924788.0
12,2015.10.23,7330.0,300.0,7120.0,7360.0,7070.0,1507791.0
13,2015.10.22,7030.0,240.0,7200.0,7270.0,7010.0,824797.0
1,2015.10.21,7270.0,80.0,7200.0,7300.0,7120.0,1211873.0
2,2015.10.20,7190.0,140.0,7100.0,7200.0,6980.0,1283872.0
3,2015.10.19,7050.0,200.0,6920.0,7100.0,6820.0,1099191.0
4,2015.10.16,6850.0,110.0,7050.0,7050.0,6820.0,566031.0
5,2015.10.15,6960.0,70.0,6910.0,7040.0,6910.0,597892.0
9,2015.10.14,6890.0,160.0,7150.0,7170.0,6850.0,1091622.0
10,2015.10.13,7050.0,100.0,6910.0,7080.0,6840.0,1264879.0
11,2015.10.12,6950.0,350.0,6650.0,6990.0,6640.0,2163507.0
12,2015.10.08,6600.0,0.0,6650.0,6690.0,6550.0,932748.0
13,2015.10.07,6600.0,180.0,6500.0,6610.0,6450.0,1696550.0
1,2015.10.06,6420.0,100.0,6430.0,6480.0,6380.0,445254.0
2,2015.10.05,6320.0,40.0,6400.0,6460.0,6280.0,1081537.0
3,2015.10.02,6360.0,210.0,6570.0,6580.0,6360.0,760791.0
4,2015.10.01,6570.0,190.0,6400.0,6610.0,6400.0,871388.0
5,2015.09.30,6380.0,110.0,6400.0,6470.0,6310.0,832171.0
9,2015.09.25,6490.0,90.0,6430.0,6560.0,6400.0,847124.0
10,2015.09.24,6400.0,30.0,6520.0,6530.0,6360.0,668451.0
11,2015.09.23,6430.0,280.0,6710.0,6720.0,6420.0,1173481.0
12,2015.09.22,6710.0,250.0,6560.0,6750.0,6540.0,1248402.0
13,2015.09.21,6460.0,70.0,6480.0,6530.0,6400.0,673353.0
1,2015.09.18,6530.0,40.0,6610.0,6660.0,6410.0,988029.0
2,2015.09.17,6570.0,230.0,6400.0,6580.0,6350.0,1745667.0
3,2015.09.16,6340.0,210.0,6190.0,6380.0,6180.0,1324473.0
4,2015.09.15,6130.0,80.0,6190.0,6280.0,6120.0,583612.0
5,2015.09.14,6210.0,30.0,6290.0,6340.0,6180.0,489232.0
9,2015.09.11,6240.0,180.0,6340.0,6390.0,6240.0,664366.0
10,2015.09.10,6420.0,210.0,6180.0,6420.0,6160.0,914489.0
11,2015.09.09,6210.0,110.0,6170.0,6210.0,6120.0,788115.0
12,2015.09.08,6100.0,40.0,6220.0,6220.0,6050.0,411343.0
13,2015.09.07,6140.0,40.0,6140.0,6240.0,6120.0,479451.0
1,2015.09.04,6180.0,60.0,6120.0,6210.0,6100.0,771244.0
2,2015.09.03,6120.0,60.0,6250.0,6280.0,6100.0,635133.0
3,2015.09.02,6180.0,30.0,6120.0,6280.0,6120.0,451926.0
4,2015.09.01,6210.0,160.0,6370.0,6460.0,6200.0,649970.0
5,2015.08.31,6370.0,20.0,6320.0,6440.0,6270.0,647789.0
9,2015.08.28,6390.0,160.0,6300.0,6430.0,6280.0,1054348.0
10,2015.08.27,6230.0,90.0,6310.0,6380.0,6210.0,736427.0
11,2015.08.26,6320.0,70.0,6250.0,6390.0,6150.0,709320.0
12,2015.08.25,6250.0,120.0,6150.0,6290.0,6050.0,1211400.0
13,2015.08.24,6130.0,60.0,6020.0,6280.0,6020.0,1309562.0
1,2015.08.21,6070.0,40.0,5900.0,6160.0,5840.0,1037927.0
2,2015.08.20,6110.0,440.0,6450.0,6540.0,6100.0,1591779.0
3,2015.08.19,6550.0,120.0,6610.0,6870.0,6500.0,1168904.0
4,2015.08.18,6670.0,10.0,6710.0,6830.0,6640.0,982100.0
5,2015.08.17,6680.0,30.0,6790.0,6790.0,6540.0,532901.0
9,2015.08.13,6710.0,80.0,6800.0,6860.0,6570.0,1084613.0
10,2015.08.12,6790.0,290.0,6350.0,6820.0,6350.0,1663783.0
11,2015.08.11,6500.0,80.0,6480.0,6550.0,6440.0,624350.0
12,2015.08.10,6420.0,70.0,6450.0,6530.0,6340.0,520846.0
13,2015.08.07,6490.0,90.0,6540.0,6580.0,6470.0,615890.0
1,2015.08.06,6580.0,130.0,6680.0,6720.0,6570.0,757773.0
2,2015.08.05,6710.0,60.0,6630.0,6750.0,6560.0,704945.0
3,2015.08.04,6650.0,150.0,6800.0,6830.0,6560.0,1090096.0
4,2015.08.03,6800.0,100.0,6990.0,6990.0,6720.0,980179.0
5,2015.07.31,6900.0,20.0,6960.0,6980.0,6700.0,1877467.0
9,2015.07.30,6880.0,210.0,6790.0,6970.0,6760.0,2263130.0
10,2015.07.29,6670.0,270.0,6480.0,6850.0,6390.0,3160033.0
11,2015.07.28,6400.0,300.0,6080.0,6450.0,6060.0,1931614.0
12,2015.07.27,6100.0,30.0,6050.0,6210.0,5980.0,1077194.0
13,2015.07.24,6070.0,180.0,6150.0,6180.0,5990.0,1550470.0
1,2015.07.23,6250.0,50.0,6200.0,6340.0,6070.0,1591292.0
2,2015.07.22,6200.0,10.0,6200.0,6220.0,6120.0,835421.0
3,2015.07.21,6210.0,90.0,6080.0,6230.0,6080.0,950462.0
4,2015.07.20,6120.0,160.0,6250.0,6270.0,5960.0,1866040.0
5,2015.07.17,6280.0,170.0,6530.0,6530.0,6160.0,1737858.0
9,2015.07.16,6450.0,40.0,6500.0,6510.0,6320.0,1299314.0
10,2015.07.15,6490.0,90.0,6800.0,6950.0,6430.0,3525978.0
11,2015.07.14,6400.0,30.0,6400.0,6410.0,6230.0,1320800.0
12,2015.07.13,6370.0,220.0,6150.0,6390.0,6150.0,893189.0
13,2015.07.10,6150.0,90.0,6060.0,6310.0,6060.0,1122628.0
1,2015.07.09,6060.0,120.0,6130.0,6140.0,5990.0,1124423.0
2,2015.07.08,6180.0,20.0,6270.0,6280.0,6100.0,684691.0
3,2015.07.07,6200.0,80.0,6170.0,6230.0,6120.0,746706.0
4,2015.07.06,6120.0,230.0,6230.0,6290.0,6050.0,1577252.0
5,2015.07.03,6350.0,120.0,6260.0,6370.0,6250.0,716444.0
9,2015.07.02,6230.0,80.0,6370.0,6420.0,6200.0,986960.0
10,2015.07.01,6310.0,130.0,6200.0,6400.0,6150.0,1008877.0
11,2015.06.30,6180.0,0.0,6140.0,6300.0,6120.0,1418165.0
12,2015.06.29,6180.0,410.0,6530.0,6530.0,6140.0,1439151.0
13,2015.06.26,6590.0,50.0,6660.0,6690.0,6550.0,610258.0
1,2015.06.25,6640.0,100.0,6700.0,6880.0,6620.0,968461.0
2,2015.06.24,6740.0,170.0,6600.0,6750.0,6520.0,1061432.0
3,2015.06.23,6570.0,10.0,6630.0,6660.0,6560.0,811850.0
4,2015.06.22,6560.0,110.0,6600.0,6690.0,6520.0,487609.0
5,2015.06.19,6450.0,30.0,6400.0,6630.0,6380.0,1000464.0
9,2015.06.18,6420.0,0.0,6440.0,6620.0,6380.0,857332.0
10,2015.06.17,6420.0,230.0,6210.0,6560.0,6210.0,1374525.0
11,2015.06.16,6190.0,270.0,6480.0,6500.0,6160.0,1638095.0
12,2015.06.15,6460.0,180.0,6570.0,6680.0,6420.0,1178985.0
13,2015.06.12,6640.0,290.0,6900.0,7020.0,6540.0,2035357.0
1,2015.06.11,6930.0,100.0,7080.0,7100.0,6800.0,1935135.0
2,2015.06.10,7030.0,100.0,7250.0,7250.0,6990.0,1120426.0
3,2015.06.09,7130.0,80.0,7070.0,7300.0,7070.0,1403226.0
4,2015.06.08,7050.0,70.0,6980.0,7120.0,6960.0,937858.0
5,2015.06.05,6980.0,120.0,6980.0,7140.0,6970.0,837064.0
9,2015.06.04,7100.0,30.0,7010.0,7220.0,6990.0,1478044.0
10,2015.06.03,7070.0,110.0,6920.0,7280.0,6920.0,1828935.0
11,2015.06.02,6960.0,150.0,7110.0,7200.0,6950.0,1225396.0
12,2015.06.01,7110.0,40.0,7090.0,7250.0,7030.0,1004418.0
13,2015.05.29,7070.0,140.0,7260.0,7310.0,7060.0,1519582.0
1,2015.05.28,7210.0,220.0,7340.0,7380.0,7200.0,1466521.0
2,2015.05.27,7430.0,370.0,7020.0,7440.0,6920.0,2024583.0
3,2015.05.26,7060.0,290.0,7350.0,7350.0,7050.0,1562380.0
4,2015.05.22,7350.0,160.0,7200.0,7380.0,7200.0,1137318.0
5,2015.05.21,7190.0,190.0,7410.0,7460.0,7160.0,1258430.0
9,2015.05.20,7380.0,220.0,7230.0,7530.0,7230.0,2212287.0
10,2015.05.19,7160.0,170.0,7340.0,7460.0,7120.0,1882942.0
11,2015.05.18,7330.0,60.0,7450.0,7600.0,7320.0,1211260.0
12,2015.05.15,7390.0,260.0,7720.0,7760.0,7380.0,1912752.0
13,2015.05.14,7650.0,440.0,7170.0,7670.0,7150.0,2721760.0
1,2015.05.13,7210.0,40.0,7120.0,7250.0,7110.0,731843.0
2,2015.05.12,7170.0,100.0,7100.0,7210.0,7070.0,844332.0
3,2015.05.11,7070.0,30.0,7160.0,7270.0,7060.0,1056146.0
4,2015.05.08,7040.0,80.0,7150.0,7170.0,7040.0,871320.0
5,2015.05.07,7120.0,10.0,7140.0,7230.0,7050.0,1565170.0
9,2015.05.06,7110.0,30.0,7140.0,7140.0,6950.0,2057613.0
10,2015.05.04,7140.0,10.0,7170.0,7360.0,7140.0,1657496.0
11,2015.04.30,7130.0,270.0,7390.0,7410.0,7110.0,3132990.0
12,2015.04.29,7400.0,580.0,7980.0,7980.0,7310.0,4749274.0
13,2015.04.28,7980.0,170.0,8220.0,8220.0,7850.0,2820421.0
1,2015.04.27,8150.0,90.0,8210.0,8400.0,8100.0,2047439.0
2,2015.04.24,8240.0,180.0,8510.0,8660.0,8130.0,2435698.0
3,2015.04.23,8420.0,170.0,8660.0,8750.0,8370.0,1906271.0
4,2015.04.22,8590.0,140.0,8740.0,8980.0,8320.0,1821832.0
5,2015.04.21,8730.0,200.0,8990.0,9020.0,8720.0,1391532.0
9,2015.04.20,8930.0,100.0,8610.0,8970.0,8600.0,1613338.0
10,2015.04.17,8830.0,200.0,9040.0,9040.0,8660.0,2452475.0
11,2015.04.16,9030.0,130.0,9210.0,9270.0,8950.0,1653801.0
12,2015.04.15,9160.0,120.0,9110.0,9330.0,8900.0,2611570.0
13,2015.04.14,9040.0,120.0,9030.0,9200.0,8740.0,3534309.0
1,2015.04.13,8920.0,830.0,8240.0,9090.0,8180.0,6598539.0
2,2015.04.10,8090.0,20.0,8120.0,8220.0,8020.0,1548704.0
3,2015.04.09,8110.0,40.0,8080.0,8160.0,8040.0,1061711.0
4,2015.04.08,8070.0,60.0,8160.0,8200.0,8020.0,1267795.0
5,2015.04.07,8130.0,30.0,8150.0,8230.0,8060.0,1217547.0
9,2015.04.06,8100.0,100.0,8210.0,8340.0,8060.0,3228468.0
10,2015.04.03,8000.0,210.0,7920.0,8060.0,7900.0,1251502.0
11,2015.04.02,7790.0,50.0,7790.0,7830.0,7620.0,1086670.0
12,2015.04.01,7740.0,190.0,7880.0,8080.0,7670.0,1903539.0
13,2015.03.31,7930.0,150.0,7800.0,8000.0,7700.0,1867069.0
1,2015.03.30,7780.0,230.0,7630.0,7810.0,7580.0,1877971.0
2,2015.03.27,7550.0,80.0,7620.0,7750.0,7460.0,2160192.0
3,2015.03.26,7470.0,740.0,7800.0,7910.0,7200.0,8705295.0
4,2015.03.25,8210.0,110.0,8140.0,8260.0,8030.0,1495473.0
5,2015.03.24,8100.0,20.0,8170.0,8180.0,7970.0,1095022.0
9,2015.03.23,8080.0,240.0,7940.0,8210.0,7910.0,1852578.0
10,2015.03.20,7840.0,150.0,7990.0,8020.0,7790.0,1061705.0
11,2015.03.19,7990.0,120.0,8150.0,8210.0,7950.0,1913565.0
12,2015.03.18,7870.0,10.0,7910.0,8080.0,7830.0,2084995.0
13,2015.03.17,7880.0,710.0,7170.0,7990.0,7150.0,4002163.0
1,2015.03.16,7170.0,300.0,7470.0,7480.0,7150.0,1798841.0
2,2015.03.13,7470.0,60.0,7700.0,7760.0,7430.0,1264699.0
3,2015.03.12,7530.0,120.0,7410.0,7810.0,7340.0,2367420.0
4,2015.03.11,7410.0,90.0,7360.0,7540.0,7250.0,1549454.0
5,2015.03.10,7500.0,260.0,7840.0,7840.0,7360.0,2284595.0
9,2015.03.09,7760.0,130.0,7870.0,8040.0,7760.0,1632747.0
10,2015.03.06,7890.0,120.0,7970.0,8030.0,7800.0,1283887.0
11,2015.03.05,8010.0,70.0,8000.0,8160.0,7960.0,1104361.0
12,2015.03.04,8080.0,20.0,8060.0,8150.0,7910.0,1870206.0
13,2015.03.03,8060.0,100.0,8220.0,8300.0,8000.0,1435465.0
1,2015.03.02,8160.0,250.0,7990.0,8270.0,7990.0,2976418.0
2,2015.02.27,7910.0,120.0,8160.0,8180.0,7860.0,2495037.0
3,2015.02.26,8030.0,580.0,7570.0,8130.0,7500.0,4956263.0
4,2015.02.25,7450.0,530.0,7000.0,7700.0,6960.0,4714112.0
5,2015.02.24,6920.0,180.0,7080.0,7090.0,6920.0,1047850.0
9,2015.02.23,7100.0,70.0,7100.0,7150.0,7040.0,749358.0
10,2015.02.17,7030.0,130.0,6880.0,7120.0,6860.0,1295154.0
11,2015.02.16,6900.0,10.0,6890.0,6930.0,6730.0,1001689.0
12,2015.02.13,6910.0,100.0,6870.0,6930.0,6740.0,1045296.0
13,2015.02.12,6810.0,300.0,7110.0,7160.0,6760.0,2047203.0
1,2015.02.11,7110.0,50.0,7060.0,7250.0,7060.0,1469909.0
2,2015.02.10,7060.0,80.0,7120.0,7190.0,7030.0,1290801.0
3,2015.02.09,7140.0,180.0,7000.0,7200.0,6950.0,1675420.0
4,2015.02.06,6960.0,70.0,7050.0,7070.0,6870.0,1051189.0
5,2015.02.05,7030.0,40.0,6990.0,7110.0,6780.0,2296313.0
9,2015.02.04,6990.0,270.0,6830.0,7000.0,6770.0,2384458.0
10,2015.02.03,6720.0,70.0,6910.0,6920.0,6650.0,2143882.0
11,2015.02.02,6790.0,10.0,6740.0,6930.0,6700.0,2026378.0
12,2015.01.30,6780.0,110.0,6750.0,6970.0,6580.0,3572217.0
13,2015.01.29,6670.0,420.0,6510.0,6870.0,6410.0,6186054.0
1,2015.01.28,6250.0,620.0,5630.0,6270.0,5600.0,3134903.0
2,2015.01.27,5630.0,250.0,5460.0,5650.0,5450.0,1175336.0
3,2015.01.26,5380.0,40.0,5350.0,5420.0,5290.0,601366.0
4,2015.01.23,5340.0,10.0,5420.0,5470.0,5280.0,943698.0
5,2015.01.22,5350.0,180.0,5210.0,5390.0,5210.0,977738.0
9,2015.01.21,5170.0,90.0,5280.0,5280.0,5170.0,711117.0
10,2015.01.20,5260.0,0.0,5270.0,5320.0,5240.0,647003.0
11,2015.01.19,5260.0,110.0,5210.0,5340.0,5210.0,794945.0
12,2015.01.16,5150.0,60.0,5210.0,5270.0,5110.0,822570.0
13,2015.01.15,5210.0,40.0,5180.0,5310.0,5170.0,940121.0
1,2015.01.14,5170.0,180.0,5310.0,5380.0,5170.0,1159412.0
2,2015.01.13,5350.0,10.0,5370.0,5460.0,5340.0,622382.0
3,2015.01.12,5360.0,100.0,5450.0,5560.0,5350.0,1059170.0
4,2015.01.09,5460.0,50.0,5400.0,5530.0,5400.0,996410.0
5,2015.01.08,5410.0,250.0,5170.0,5410.0,5170.0,1364598.0
9,2015.01.07,5160.0,250.0,5360.0,5470.0,5150.0,1653421.0
10,2015.01.06,5410.0,150.0,5480.0,5540.0,5400.0,1000697.0
11,2015.01.05,5560.0,30.0,5550.0,5580.0,5430.0,886935.0
12,2015.01.02,5590.0,300.0,5870.0,5880.0,5580.0,1207298.0
