,종목코드,해당년도,매출증감비율,영업이익증감비율,당기순이익증감비율,자산총계증감비율,부채비율,부채증감비율,PBR,PER,log(PBR증감비율),OPM,자본유보율,ROE,ROA,현금배당성향,group
0,000070,2016/12,0.04547493911037047,0.01099218048968081,-0.004134085373670042,1.031907273556033,71.26,1.0342718218178966,0.68,46.87,-0.3022808718729335,6.1,2881.71,1.68,2.09,68.45,0
1,000070,2017/12,0.026313339746175567,-0.013094610109535483,0.0006516275172991591,1.03363412633306,68.88,1.0131938125568698,0.69,28.72,0.014598799421152631,4.12,2928.91,2.76,2.08,41.08,1
2,000070,2018/12,0.05074509089805457,0.012048924094813196,0.010713526965917023,1.0115384615384615,65.53,0.9818140996856758,0.43,9.95,-0.47290638890369696,5.4,3047.14,5.03,3.11,22.13,0
4,000080,2016/12,-0.005042555672146438,-0.0029147720648245307,-0.004372158097236796,0.9828348504551365,163.26,0.987499414766609,1.14,39.18,-0.07598590697792211,6.56,271.98,2.94,1.12,163.8,1
5,000080,2017/12,-8.684701897607365e-05,-0.0106532343277317,-0.007439894625616976,1.0313133986063332,188.1,1.0857671154940263,1.38,135.43,0.19105523676270922,4.62,254.67,1.01,0.37,440.64,1
6,000080,2018/12,-0.0012399613593436856,0.0009227619418371613,0.002768285825511484,0.9773349298665754,194.92,0.989389109645867,1.0,53.17,-0.32208349916911316,4.8,240.09,1.87,0.64,251.17,2
8,000100,2016/12,0.09785543273394122,0.00611278080586827,0.01793082369721359,1.0880710524916237,36.71,1.0639039504260264,1.46,14.78,-0.3635009090091323,7.4,2681.45,11.27,8.21,12.74,1
9,000100,2017/12,0.06829928029754143,-0.004395498236970488,-0.02492392406897551,1.023852583215211,30.4,0.8887877684746996,1.58,25.04,0.07898841131863046,6.07,2707.01,7.04,5.3,19.95,2
10,000100,2018/12,0.02651985474991215,-0.01808597868103549,-0.024036546796298467,1.0377619706879266,31.61,1.0692197419619087,1.49,46.35,-0.05864872708150775,3.3,2650.39,3.55,2.73,39.53,2
12,000120,2016/12,0.20477563686799644,0.008341898081163875,0.0038316852430226407,1.2267970225530496,101.56,1.3067925591882752,1.34,73.19,-0.07889394246966296,3.76,2446.27,2.39,1.36,0.0,0
13,000120,2017/12,0.1742157327732231,0.0012365336404905481,-0.002371434379022969,1.1385206114612765,127.77,1.2675509543836947,1.05,68.28,-0.24387944979338794,3.31,2453.87,1.99,0.92,0.0,2
14,000120,2018/12,0.2980373871391632,0.0009890777556412756,0.0017520805957074025,1.2517658288259625,151.33,1.3435993420679484,1.14,72.33,0.08223809823697201,2.63,2500.96,2.11,0.94,0.0,2
16,000150,2016/12,-0.014350451918015447,0.028352188850751647,0.058159017354382433,0.9083701194373232,262.81,0.8964330737216571,0.86,14.22,0.22024079165624832,5.61,1660.09,7.91,0.17,51.09,1
17,000150,2017/12,0.015429938468288709,0.008472362963968952,-0.0001567021509981927,1.0036351204264464,278.37,1.0193460766041063,0.9,70.89,0.04546237407675741,6.9,1614.27,1.67,0.16,259.3,1
20,000210,2016/12,0.027812760667964214,0.012070460084067975,0.006231497685677369,1.0270702616681449,140.83,0.9982091443842901,0.73,12.67,0.19611487892629054,4.26,2039.97,5.92,2.4,4.44,0
21,000210,2017/12,0.19242459486702335,0.00980848259285105,0.016655036054896488,1.0815881854497034,135.37,1.063758435572239,0.63,6.48,-0.14732471475685843,4.42,2259.89,10.14,3.94,7.91,2
22,000210,2018/12,-0.10298747532035889,0.0228310502283105,0.012966816840853478,0.9575601566871852,112.12,0.8800482609203306,0.73,6.12,0.14732471475685835,7.7,2440.21,12.37,5.17,10.18,1
25,000240,2017/12,0.04203567419234128,-0.019427466633404018,-0.008419608332293875,1.0705730427764326,8.38,1.124068391056554,0.58,7.54,-0.15906469462968753,24.16,6449.13,8.05,7.56,11.8,1
26,000240,2018/12,0.006808810365826815,0.0035804951061675495,-0.007072945250708028,1.0550345285124092,8.12,1.0245709828393135,0.48,7.46,-0.18924199963852842,24.94,6829.65,6.75,6.41,13.28,0
28,000270,2016/12,0.06589284128940615,0.002213289232719517,0.0025601479930710833,1.1067679278644458,91.46,1.116352331225518,0.59,5.78,-0.38837067474886433,4.67,1177.08,10.85,5.69,16.01,0
29,000270,2017/12,0.015948255393051423,-0.034875663501115005,-0.03462950058972493,1.0276109123135906,94.68,1.0462159293782753,0.5,14.03,-0.1655144384775733,1.24,1205.53,3.62,1.88,33.13,2
30,000270,2018/12,0.01218474073077699,0.00951758726376572,0.0036106493980649686,0.9902895912373026,90.09,0.964998643510673,0.5,11.82,0.0,2.14,1235.32,4.27,2.22,31.22,1
32,000640,2016/12,0.016376585291541304,0.008835739041017634,0.08310164908405378,1.1460563955864325,60.1,0.8478015783540023,1.08,5.51,-0.38046380590274714,10.47,3260.01,21.33,13.38,4.06,1
33,000640,2017/12,-0.025090858261112663,-0.015795359239586245,-0.100083869164104,1.0407930395093425,59.63,1.0357142857142858,0.86,24.11,-0.22778393087071197,7.73,3331.15,3.64,2.27,18.86,1
36,000660,2016/12,-0.05170137929585953,-0.0665461378261832,-0.044046343823866324,1.0855215497053363,34.1,0.9882150008443704,1.31,11.02,0.25022450991688056,19.05,579.89,13.01,9.57,14.34,2
37,000660,2017/12,0.33262016242778664,0.26907109596893136,0.19789397754864138,1.4098118947107028,34.29,1.4156240463838876,1.6,5.23,0.1999764920326754,45.57,859.32,36.8,27.42,6.63,1
38,000660,2018/12,0.18951234359643848,0.13059605709005032,0.08980461473017178,1.4015940640928257,35.87,1.4491054106488468,0.88,2.83,-0.5978370007556205,51.54,1262.49,38.53,28.49,6.6,2
40,000670,2016/12,0.00952873393411139,0.00032008666962131285,0.00923326931599941,1.0368615060558188,31.59,1.0083299471759448,0.67,12.07,-0.08576682175742495,-0.16,29503.1,6.12,3.14,10.6,1
41,000670,2017/12,0.2395900924082071,0.036605284943950954,0.032421184525540915,1.1617451449853684,38.46,1.3441466854724964,0.62,8.09,-0.07755823434587461,4.28,31994.86,8.6,6.09,7.03,1
42,000670,2018/12,-0.15821024009742476,-0.05633418370025091,-0.04747357038623455,0.9829090076399442,34.62,0.9100584619997002,0.42,12.39,-0.3894647667617233,-3.67,33132.32,3.69,0.97,15.54,1
44,000720,2016/12,-0.020814052799979603,0.0035539918671204764,0.0034622101546266906,1.027043787887401,144.61,0.9823822066139889,0.75,8.34,0.29213642280116114,6.16,1015.93,9.5,3.73,9.74,0
45,000720,2017/12,-0.10118182079242298,-0.009027471394297918,-0.018801575761056562,0.9274658588867531,117.54,0.8476610377230015,0.63,20.06,-0.1743533871447778,5.84,1048.98,3.15,1.94,27.63,2
46,000720,2018/12,-0.008562070902936703,-0.008008441478355008,0.008973181861784496,0.9795300538739902,117.74,0.980299226830003,0.97,15.95,0.43157625211185,5.02,1074.89,5.99,2.93,14.6,0
48,000810,2016/12,-0.0006542356815576287,-0.00021148548775932647,0.0007120518580673726,1.0788172743604665,519.7,1.0764088409224755,1.04,15.82,-0.2308064240597789,4.94,47085.96,8.17,1.31,30.23,1
49,000810,2017/12,0.004541272540831587,0.00258471206598781,0.002699803858625679,1.1143064462931067,533.02,1.1188198422284488,0.95,12.82,-0.09051400754083186,5.71,50863.51,9.18,1.46,40.38,2
50,000810,2018/12,0.002514705040156133,0.0024863920867869236,0.00019819067358446495,1.0444055925656974,542.03,1.0471542911779823,0.93,12.74,-0.02127739844728485,6.53,52212.98,8.8,1.38,45.78,0
52,000880,2016/12,0.03822988045965842,0.006173194889592992,0.007775230479808661,1.0635159457690715,988.5,1.0656717888100866,0.73,5.76,0.13157635778871926,3.58,748.89,11.48,0.86,11.6,1
53,000880,2017/12,0.02084769540350276,0.003002545498403509,0.00014092285425910763,1.034376997630286,903.43,1.025504983891851,0.84,10.02,0.14035735769492244,4.28,799.15,9.06,0.83,13.88,1
54,000880,2018/12,-0.010093903263020116,-0.002139844412446519,-0.003103017010792628,1.0583888386029527,900.11,1.057999642238588,0.69,6.55,-0.19671029424605427,3.71,849.07,10.73,0.49,13.25,0
56,000990,2016/12,0.10804504413107437,0.048087653444252816,-0.038957086334584556,1.0022344099126548,188.6,0.8826991513824254,2.01,8.01,-0.19386331723412614,22.3,87.08,29.65,8.96,0.0,0
57,000990,2017/12,-0.09430533117932148,-0.02948303715670436,0.02211227786752827,1.0072963113092825,118.07,0.8345479919367343,1.14,4.85,-0.5671064596645803,21.07,137.66,27.62,11.13,9.95,1
58,000990,2018/12,-0.010094637223974764,-0.029313273477311334,-0.022712933753943218,1.0729376257545271,91.0,0.9440728353771832,0.84,5.56,-0.30538164955118174,16.88,186.48,17.12,8.43,12.5,2
60,001040,2016/12,0.11023952131330368,0.0010915195652904687,0.0007395440532946292,1.1463154812177183,139.99,1.1501164344061845,1.54,28.18,-0.33368542571403353,5.23,2338.27,6.08,2.25,17.28,0
61,001040,2017/12,0.10453181858524896,0.0025951894914351646,0.02016153368243543,1.0857398850778983,144.54,1.1001643912130041,1.42,13.16,-0.08112554481236846,4.93,2601.61,12.1,4.04,8.93,1
62,001040,2018/12,0.0859816329238112,0.000212923123287402,-0.008441582903255923,1.081980126443288,153.39,1.108145062654328,0.97,15.7,-0.3811160790978779,4.51,2741.67,6.91,2.88,14.84,0
66,001060,2018/12,0.05601371764513759,-0.00016330529925696088,0.014370866334612558,0.941195118085275,128.28,0.9266870313801722,3.41,111.24,-0.05422155416663893,4.02,411.41,3.03,1.32,86.32,2
68,001120,2016/12,-0.2382016513900462,0.017498674342852814,0.057173698962199836,0.9616977802544813,214.66,0.9197177230352586,0.91,19.5,-0.18048837571229367,1.46,521.82,4.75,1.6,16.62,0
69,001120,2017/12,0.1696418890279845,0.007530877583810585,0.0006702875336375914,0.9594962625306627,213.32,0.9575865681361307,0.88,17.48,-0.03352269203864356,1.65,547.95,4.93,1.74,16.05,0
72,001230,2016/12,-0.03928717304812187,0.009530581062886708,0.04465757983752629,0.9171681723922911,176.27,0.8678064516129033,0.47,17.2,0.5920510636885764,5.13,154.23,2.9,1.07,22.85,0
73,001230,2017/12,0.16796475430301958,-0.002464621406767238,-0.010631700186054754,0.9630496308125287,156.93,0.9219388893019106,0.46,231.73,-0.021506205220963505,3.99,156.1,0.2,0.08,206.11,0
76,001430,2016/12,0.0012340485205441032,-0.022100687140653486,-0.016912074042911233,0.9841954422771919,77.36,0.9198116019793716,0.52,10.33,-0.2534489008095387,5.67,667.24,5.53,2.94,32.1,0
77,001430,2017/12,0.14707986700523282,0.012626085492627769,0.009118839522453388,1.0152384721947358,70.74,0.9643505315011667,0.56,8.22,0.07410797215372204,6.17,711.65,7.09,3.85,25.28,0
78,001430,2018/12,0.060958426243861066,-0.03627956606793527,-0.03075281467598736,1.035616819827346,86.41,1.1586906842317515,0.34,30.24,-0.4989911661189879,1.7,708.58,1.14,0.68,144.13,0
80,001450,2016/12,0.0001145495054325103,0.00609689742664536,0.0056587455683660085,1.130439822582318,1201.1,1.1298107250311276,0.88,6.87,-0.26759531388504354,3.54,6355.63,15.32,1.17,26.26,1
81,001450,2017/12,0.013885253236948081,0.0022411376416990865,0.001405546622239358,1.0926967353349128,1204.64,1.092945757281667,1.21,9.05,0.3184537311185346,3.97,6927.36,15.61,1.2,25.75,1
82,001450,2018/12,-0.003315020328735575,-0.00230065248206827,-0.0021493248779034507,1.0888979440637154,967.26,1.0687906538856555,0.79,9.83,-0.4263426931297195,3.39,9226.29,10.32,0.88,24.12,1
84,001520,2016/12,0.0431266846361186,-0.025035405911645117,-0.532504911142583,0.848420874852221,16.46,0.6333630686886709,0.73,29.39,0.05635293655113178,1.74,749.17,2.67,2.23,43.58,0
85,001520,2017/12,0.04352425570500227,-0.0009067553271875472,-0.00876530149614629,0.9758136757240967,15.12,0.9063380281690141,0.48,29.21,-0.41925843024050025,1.41,753.1,1.9,1.59,63.68,1
86,001520,2018/12,0.04759959141981614,-0.006230847803881512,-0.012972420837589376,0.9971440228478172,17.2,1.1142191142191142,0.51,149.52,0.06062462181643484,0.14,742.72,0.39,0.32,309.14,1
88,001680,2016/12,0.09970315651129591,0.0005438353991525232,0.005846230540889624,1.0968830181507174,166.18,1.1205971541870772,1.12,14.72,-0.2787134024690205,3.89,2353.67,7.87,2.72,22.32,1
89,001680,2017/12,0.049902431537635114,-0.006314543182266658,-0.0036396325286675874,0.9756985055230669,154.67,0.9492089925062448,1.14,18.82,0.017699577099400638,3.26,2475.36,6.13,2.27,34.18,2
90,001680,2018/12,-0.005391562205148942,0.010558475985083344,0.006110437165835468,0.9762919552477357,136.78,0.9285818713450292,0.99,13.91,-0.14107859825990549,4.06,2626.23,7.27,2.94,30.56,1
93,001740,2017/12,0.2899600572953804,-0.0030919313212642843,0.014664588552282035,0.838416296416598,207.74,0.7850453755551264,0.68,49.42,-0.043172171865208546,0.94,281.63,1.39,0.44,86.44,1
94,001740,2018/12,-0.34094849430529994,-0.001240297671441146,-0.003587527673308261,1.0749370451337963,236.05,1.118530816372543,0.54,178.04,-0.23052365861183238,1.06,276.51,0.31,0.1,398.25,2
96,001800,2016/12,-0.7632073395737766,0.009106758975574251,0.024341114139174298,0.9700213418700814,70.62,0.8175460039383445,1.38,10.57,-0.718193212486033,-1.4,5339.82,15.89,8.43,13.39,0
97,001800,2017/12,-0.00424310495444902,-0.08910520404342943,0.3431645797800796,1.4791845714875038,38.01,0.9841362126245847,0.87,0.76,-0.46134556650262093,4.35,14492.55,85.88,41.22,1.39,0
98,001800,2018/12,0.43609527004360954,0.05219262223970202,-0.3165103124385476,1.00913358743144,36.69,0.9836273103215462,0.55,19.02,-0.4585749334221128,11.54,5815.83,3.02,2.74,38.2,1
100,002240,2016/12,-0.022874008485519275,-0.0019266637971673943,0.009018426284613334,1.0112540192926045,65.49,1.0010311404413281,0.52,18.09,0.019418085857101516,2.61,7718.04,2.92,1.65,15.75,0
101,002240,2017/12,0.05484475760759833,0.00016482271256979211,-0.00733461070935575,0.9785985080102727,64.61,0.9706427688504327,0.48,27.69,-0.0800427076735365,2.5,7827.65,1.72,0.93,26.59,1
102,002240,2018/12,0.011152649276330903,-0.0003341617760698398,-0.008604665733798375,0.9945430309089395,63.85,0.987371325480208,0.34,137.43,-0.3448404862917295,2.41,7026.93,0.25,0.08,206.82,0
104,002270,2016/12,0.04283863099321595,0.008079884137510481,0.0060218004421068675,1.037744641192917,41.75,0.9962025316455696,0.92,14.88,-0.4340384805522204,4.53,12700.84,6.34,4.43,14.12,1
105,002270,2017/12,0.04394057857701329,-0.010633307271305707,0.028850664581704457,0.9143840742403831,83.61,1.413722998729352,0.76,7.66,-0.19105523676270922,3.64,16663.56,11.82,7.43,21.05,1
106,002270,2018/12,-0.006419488909921402,0.001152215958191021,-0.04329039957203407,0.9889507284334589,77.05,0.9451734675534783,0.95,18.86,0.22314355131420976,3.73,17169.97,6.31,3.5,32.08,0
108,002350,2016/12,0.022005078094944987,0.008886666153727784,0.01881203354620297,1.0143360843116742,117.66,0.9149211274890096,1.1,7.7,-0.10354067894084021,13.09,2094.62,15.66,6.77,5.85,0
109,002350,2017/12,0.02590587409227813,-0.02313420425358931,-0.018699532511687208,1.0672676572825548,108.67,1.0281938948558507,0.91,9.77,-0.18962085927556618,9.44,2349.7,9.88,4.63,8.24,1
110,002350,2018/12,0.006361512847273992,-0.0009939863823865613,-0.007256100591421897,1.1604509663564782,127.02,1.2467184385952856,0.66,9.22,-0.3212047644904245,9.2,2512.29,7.5,3.43,9.94,0
112,002380,2016/12,0.00853579200035893,0.0019516791170334478,-0.0036005114745272225,1.056988602279544,53.55,1.1412958068433459,0.59,24.91,-0.17095779814363954,9.36,8696.07,2.58,1.72,58.1,1
113,002380,2017/12,0.039933284151778554,0.00034213255498177075,-0.011835648073900631,1.0416266480398149,62.69,1.150873130124554,0.64,96.26,0.0813456394539524,8.54,10675.74,0.71,0.45,211.8,1
116,002790,2016/12,0.15659847088332174,0.025565863830044423,0.02079115167266024,1.1529603122966818,27.33,1.2073480399936518,3.9,34.45,-0.22006188477680177,16.17,6628.95,12.76,12.26,11.2,1
117,002790,2017/12,-0.09269530491694168,-0.04871183338417594,-0.04464904739454782,1.0348174482252694,23.66,0.9223135064081498,3.91,61.72,0.0025608208616736505,12.13,7014.91,6.95,6.79,14.81,0
118,002790,2018/12,0.006670017524078627,-0.024723893877440128,-0.015377718609484737,1.0071163703784491,18.34,0.8158626095631725,1.94,45.32,-0.7008494009220376,9.04,7292.1,4.65,5.11,18.17,1
120,002960,2016/12,-0.10340681362725451,-0.03206412825651302,-0.03206412825651302,0.9723320158102767,26.36,0.8653198653198653,5.92,21.14,-0.06696378726017059,16.63,1290.28,28.06,21.84,90.67,0
121,002960,2017/12,-0.0031508467900748325,-0.040173296573454115,-0.023631350925561245,1.0642276422764227,31.68,1.2256809338521402,5.02,20.59,-0.16490651519227656,14.27,1320.61,24.64,19.1,91.16,1
122,002960,2018/12,0.06751361161524501,0.007259528130671506,0.005807622504537205,1.1046600458365163,45.25,1.4285714285714286,4.39,17.53,-0.13410070661655785,14.12,1322.16,25.09,18.12,98.96,2
124,003000,2016/12,-0.014247913698351313,-0.060248320781599835,-0.03785874211276206,0.9365392195506503,10.72,0.8070175438596491,5.39,74.79,0.25903031064773385,6.16,1207.61,7.19,6.44,113.51,1
125,003000,2017/12,0.05107640354579992,-0.0033769523005487546,-0.019839594765723934,0.9941077441077442,11.8,1.0826086956521739,5.36,104.49,-0.005581409838195041,5.09,967.31,5.21,4.68,77.65,0
126,003000,2018/12,0.11921074266922445,0.07508906549739655,0.3688681830638531,2.0897544453852666,19.39,3.2208835341365463,3.83,10.86,-0.3360991718901561,18.09,1481.63,46.64,39.91,6.71,2
128,003240,2016/12,-0.03486243330892353,7.846008996756983e-05,-0.01571817135683649,0.9993202436665011,28.38,0.9660493827160493,0.31,73.75,-0.1495317339709637,5.99,48351.59,0.56,1.17,10.3,2
129,003240,2017/12,0.061701001033813256,0.020449330542878036,0.03396454776973701,1.0751380059126703,29.46,1.1066146018222696,0.41,10.56,0.2795848622191615,8.27,50769.36,5.29,4.52,1.17,2
130,003240,2018/12,0.04482013887276189,0.020970251503680825,0.016232786047699774,1.0956807397493613,28.46,1.066830624465355,0.36,6.86,-0.13005312824819779,10.66,56497.53,7.39,5.79,1.18,0
132,003410,2016/12,-0.180824946754028,0.013396849139122376,0.03186629164160177,1.0959959107173283,77.3,0.883999495649981,0.82,7.38,-0.20840126957700641,18.03,272.29,11.59,5.69,16.21,2
133,003410,2017/12,0.02584333224164111,-0.0032453032423259,0.03754428796855926,1.088613892170885,73.23,1.0555555555555556,0.96,6.08,0.15762894420358306,16.54,289.06,16.55,8.97,34.97,0
134,003410,2018/12,-0.0020489142197532644,-0.0011543178702835292,-0.04449895389943005,0.9794641837084428,73.23,0.9794608472400513,1.64,21.73,0.5355182363563621,16.35,285.85,7.51,4.24,127.81,1
137,003490,2017/12,0.014825574218396385,-0.007447762790812506,0.05590759836396106,1.0288940371089266,557.11,0.9463549827462844,0.89,3.92,-0.2562957586311101,7.77,317.41,29.37,3.3,3.04,1
140,003520,2016/12,0.11650979394556092,0.0025438819638768763,0.004070211142203002,1.029426948890036,87.77,0.9989281886387996,14.76,372.81,1.364845817712407,2.82,19.55,4.07,2.14,0.0,1
141,003520,2017/12,0.009424603174603174,-0.01240079365079365,-0.011408730158730158,1.0220661985957873,70.37,0.9034334763948498,13.42,858.75,-0.0951746876287907,1.55,30.66,1.65,0.93,0.0,1
144,003550,2016/12,-0.015500042538710226,0.010990939254721797,0.007843074697975157,1.0753721707847312,37.06,1.0943263000498422,0.76,9.82,-0.23361485118150507,13.67,1496.2,8.01,5.8,21.28,1
145,003550,2017/12,0.10536474374712851,0.04089252766967044,0.06535706211667813,1.1107422496331338,33.8,1.0377272554750065,1.0,6.68,0.27443684570176036,18.46,1748.54,16.04,11.84,9.54,1
146,003550,2018/12,-0.1842341896788929,-0.01638806211727468,-0.024849607495796202,1.0548880481529215,25.72,0.8542847737829633,0.68,6.6,-0.3856624808119846,23.52,1980.32,10.96,8.46,18.87,1
148,003620,2016/12,0.11345357635749298,0.03036215676010089,0.05710750487793271,1.0609062377402902,166.2,1.0216322517207472,1.33,18.63,-0.10686314554236126,0.77,18.5,7.6,2.77,0.0,0
152,003850,2016/12,0.021127726711483056,-0.015365619426533132,-0.04006036493346138,1.2027802961619825,103.66,1.5007407407407407,2.7,96.67,0.13459015397276475,5.38,875.33,2.9,1.56,28.55,1
154,003850,2018/12,0.0884457478005865,0.0563049853372434,-0.0849266862170088,1.1180124223602483,75.72,1.2681491170699803,1.64,21.72,0.006116227017436054,5.42,1128.04,8.03,4.76,12.42,2
156,003920,2016/12,0.023776773432894478,0.021320495185694635,0.01031636863823934,1.0476813197867418,17.12,1.049655172413793,0.7,17.51,-0.055569851154810765,3.38,20478.24,4.28,3.65,2.3,0
157,003920,2017/12,-0.06951665703832081,-0.03533602927017138,-0.031003273637589063,0.9944311089774364,15.72,0.9244415243101183,0.66,123.09,-0.05884050002293335,0.43,20608.54,0.56,0.48,17.02,1
158,003920,2018/12,-0.08360467343420801,0.0033518483049224286,-0.002873012832790653,1.0164140195037172,18.43,1.164179104477612,0.59,274.54,-0.11211729812070624,0.8,20469.81,0.23,0.19,42.41,0
161,004000,2017/12,0.030767290839165247,0.05125780215623227,0.08366433390076287,1.0721144424848128,37.61,1.0698783687097544,1.39,18.77,0.6859786910813328,9.58,832.05,7.74,5.63,22.84,0
162,004000,2018/12,0.12701643073055396,0.059617514141202525,0.07524017597940921,1.0357643331505515,23.38,0.7180115916183683,0.76,4.93,-0.6037405928443605,15.36,989.97,16.72,12.86,20.15,1
164,004020,2016/12,0.017339462631751998,-0.0005924574888487714,0.0039672938651182125,1.018925113663406,97.4,0.9780463439000024,0.46,8.95,0.06744128079553269,8.66,2183.46,5.41,2.69,11.58,0
165,004020,2017/12,0.07508200004247921,-0.002348493353521071,-0.004235783877926893,1.0255986331006,95.91,1.0175822122571,0.46,10.92,0.0,7.13,2276.91,4.35,2.21,13.75,1
166,004020,2018/12,0.048423259601641906,-0.010243151111224424,-0.00958327021972534,0.9979355062953574,95.64,0.9965418678809913,0.36,15.15,-0.2451224580329851,4.94,2319.31,2.39,1.22,24.7,0
168,004170,2016/12,0.042914612789337926,-0.0011973568627012146,-0.012286895656504053,1.2571670329115203,112.12,1.3640629455836983,0.54,7.63,-0.32850406697203594,8.53,5078.38,7.26,3.62,5.41,2
169,004170,2017/12,0.09190200037799286,0.009380191184808666,-0.010922004157921437,1.019810136119343,106.36,0.9944123460544321,0.86,16.2,0.4653632496892333,8.93,5374.13,5.48,2.13,6.75,1
170,004170,2018/12,0.12368136263115795,0.004865195501811509,0.006709640991859973,1.093540983283588,121.93,1.1656855624784985,0.73,10.55,-0.16388785510511666,7.66,5762.54,6.94,2.68,8.23,1
172,004370,2016/12,0.014448979591836735,-0.011673469387755103,0.03338775510204082,1.0258816719725472,37.67,0.8791763791763791,1.07,10.15,-0.37059628245734044,4.05,6058.8,11.64,8.13,11.61,1
173,004370,2017/12,-0.003528552887735237,0.002717391304347826,-0.044005515898767035,0.9873453431668884,33.07,0.8967447341287377,1.12,23.75,0.04567003683318848,4.37,6274.87,5.01,3.68,25.51,1
174,004370,2018/12,0.01128015736020232,-0.003131146882903135,-0.0025691461603307778,1.0336340258786072,33.44,1.0422141918528252,0.78,18.37,-0.36179004460550285,3.96,6454.97,4.54,3.38,27.44,2
176,004490,2016/12,0.0033526509890320416,-0.020020115905934194,-0.015134824464773216,1.0849810265628121,31.45,1.1144449207029576,0.62,8.34,-0.1633250561032995,7.75,11817.13,7.89,6.01,7.66,0
177,004490,2017/12,0.1355795510551548,-0.004122048478874501,0.0034947802320892513,1.0542107685227795,28.67,0.9815384615384616,0.55,7.52,-0.11980119981262052,6.29,12737.16,7.76,5.97,8.26,2
178,004490,2018/12,0.0578461028467244,0.03439274023121866,0.0247793477810467,1.106949537279553,29.06,1.118730407523511,0.5,5.21,-0.0953101798043249,9.42,14054.41,10.32,8.0,7.12,0
180,004800,2016/12,-0.03763417928485107,0.004698940783393758,-0.0035899623231676974,1.0076784745811092,267.61,0.9751923423551622,1.58,13.27,0.10676797542570614,8.52,1947.87,13.25,3.38,36.52,0
181,004800,2017/12,-0.6446373857997334,-0.06842593820448216,-0.009394258753899733,1.0293326157158236,276.23,1.0381435075294758,1.5,17.8,-0.051959738930711104,1.33,2044.54,8.95,2.38,51.09,0
182,004800,2018/12,0.029575655711482175,0.011373783000444065,0.29462968356817826,0.440859993120055,137.14,0.3472548890992063,0.42,0.34,-1.2729656758128876,5.16,6933.49,110.16,32.72,3.03,2
184,004990,2016/12,-0.002308330427882708,-0.004015533140170961,-0.0009618043449511283,0.922767516586144,55.81,0.8807983736832379,0.74,25.78,-0.18457127652797004,5.68,25434.12,2.78,1.81,23.01,0
185,004990,2017/12,-0.029302133346723887,-0.010398278799021974,0.032454063324436344,5.485520316649131,192.36,10.076374318086446,0.65,6.14,-0.1296778233085326,-0.36,50440.01,10.96,3.83,0.0,1
186,004990,2018/12,0.21820282174838534,0.00424918308243496,-0.015534560964871534,1.2612766074046335,227.48,1.3316189127658393,0.53,30.18,-0.20409535634351528,1.35,48528.98,2.8,0.45,30.93,0
188,005180,2016/12,0.02192134107027724,0.008865248226950355,0.006447453255963894,1.0110210696920583,19.55,1.0220440881763526,1.08,21.88,-0.08004270767353625,4.58,967.75,5.53,4.63,38.47,0
189,005180,2017/12,0.0023820867079561697,-0.0039701445132602825,0.0014292520247737017,1.0189163193331197,20.19,1.0470588235294118,1.05,20.99,-0.028170876966696335,4.26,1003.32,5.64,4.7,37.32,2
190,005180,2018/12,0.06281504459092671,0.00713454827452501,0.00713454827452501,1.0287916928886092,19.97,1.0196629213483146,1.18,20.88,0.11672427430814139,4.6,1043.83,6.37,5.3,34.9,2
192,005250,2016/12,0.10287836583101206,-0.003853296193129062,-0.01787372330547818,1.092582697819012,63.34,1.1610541727672035,1.4,24.99,-0.6190392084062235,7.33,2792.61,6.27,3.45,28.87,2
193,005250,2017/12,0.046153846153846156,0.0052806652806652804,-0.001496881496881497,1.1384430711776998,77.87,1.2851083342886622,2.19,44.84,0.44742930720719654,7.64,2901.96,5.47,2.94,31.41,0
194,005250,2018/12,0.032065981924344324,-0.024165108974235447,-0.01977145279710173,1.0265161869801227,80.89,1.0486173059768065,1.42,67.34,-0.43324467221524016,3.19,3004.07,2.28,0.75,61.47,2
197,005300,2017/12,0.0037112591245360925,-0.01804016024774498,0.01287880649839015,0.7497903451241802,165.61,0.954473614891562,0.83,12.34,-2.3097880052881035,3.31,49030.42,7.36,2.99,20.13,2
200,005380,2016/12,0.009821506909569273,-0.006765759122938213,-0.004587398512160528,1.081442649994346,147.2,1.0812791600879308,0.58,7.71,-0.11394425934921784,5.55,4604.72,8.37,3.32,19.97,0
201,005380,2017/12,0.015276356350098618,-0.0034663229472483683,-0.0065724575210189245,0.9964414303839442,138.37,0.9713657628691144,0.61,11.04,0.050430853626891904,4.75,4804.16,5.92,2.55,26.77,1
202,005380,2018/12,0.002432735422884934,-0.011996478803573473,-0.016170305970122218,1.0137839892928993,144.47,1.032072048034601,0.46,22.14,-0.28223246768421617,2.5,4747.59,2.2,0.92,70.7,1
204,005440,2016/12,0.19773683446975193,0.008365975143865757,0.006673436819962281,1.1164730566501202,35.76,1.1820238584944467,0.89,15.86,-0.5085759040319753,4.17,2693.86,6.39,5.09,5.52,0
205,005440,2017/12,0.00494114811392761,-0.0072711203952918494,0.0065078536134656325,1.281981940688454,36.88,1.3111188446145816,0.78,12.88,-0.13192754304254806,3.44,3033.2,7.12,4.88,6.16,1
206,005440,2018/12,0.2547610173402197,0.017783930568127364,0.0020233214418827537,1.0144803174943688,34.4,0.9639017916390179,0.73,13.55,-0.06624938554120072,4.22,3231.48,6.1,4.52,17.78,0
208,005490,2016/12,-0.06379150387271668,0.005422927131992023,0.014289656481353148,0.9919685407567331,74.01,0.959989812810391,0.49,16.47,0.4260843953109001,5.36,8824.89,3.26,1.31,46.94,1
209,005490,2017/12,0.09536740811648235,0.022388341688288786,0.024249943320653954,0.9907475897345888,66.49,0.9303278446908733,0.61,10.39,0.21905356606268467,7.62,9218.26,6.48,3.74,22.94,1
210,005490,2018/12,0.05497055126331043,0.011709552733998714,-0.01375185743543246,0.9901714647263524,67.34,0.997709198060898,0.45,12.53,-0.30421137440299145,8.53,9458.18,3.88,2.41,47.32,1
212,005610,2016/12,0.7712621359223301,0.013359223300970873,0.018485436893203883,1.1006689508892151,130.78,1.0646059593428014,4.83,29.54,-0.6345262436073856,3.5,561.37,18.12,7.69,10.83,0
213,005610,2017/12,0.2770759403832505,-0.01533002129169624,-0.01603974449964514,1.0886451230358731,162.27,1.1885953439707035,4.53,35.38,-0.06412452816953867,2.65,636.52,13.33,5.42,13.45,2
214,005610,2018/12,0.2081119257415753,0.006995358848456312,0.005381045268043318,1.0243736383442266,139.61,0.964568661971831,3.29,26.11,-0.31983437471766224,2.7,715.1,14.18,5.67,12.73,0
216,005830,2016/12,0.026177578703561893,0.0037675921104406364,0.002436329107064176,1.1210693081182657,932.59,1.1239147439489174,0.95,8.45,-0.2082970431972153,4.25,12257.02,13.39,1.26,19.94,1
217,005830,2017/12,0.016904943210459142,0.003041645663295402,0.0029043640536685292,1.078286532006045,900.94,1.074629738861316,0.97,7.62,0.020834086902842053,4.86,13636.34,15.21,1.44,22.02,2
218,005830,2018/12,-0.008072125488521691,-0.002964612953868246,-0.0026464004221351052,1.052784875019638,862.24,1.0480839453776303,0.87,9.36,-0.10880285984879906,4.13,14935.07,11.06,1.08,23.77,0
220,005850,2016/12,0.14091680814940577,0.022637238256932653,0.02647299251713513,1.05425305173416,71.97,0.9722498932688203,0.78,6.42,0.10821358464023279,6.13,5416.62,12.85,7.22,7.74,1
221,005850,2017/12,-0.08158327387784223,-0.02221050345875857,-0.010484846604832955,0.9749433314954359,56.75,0.8432377049180327,0.83,8.68,0.06213178110700618,4.27,5923.63,9.87,6.07,14.17,2
222,005850,2018/12,0.06677102775603588,-0.03546270094527064,-0.043771449214281416,1.0873444765615181,69.18,1.2282589828154835,0.67,26.87,-0.21414798840563182,0.29,5972.99,2.5,1.52,53.87,1
224,005930,2016/12,0.004810908532859275,0.01121157409738957,0.014537414013734009,1.0825619013995817,35.87,1.0965086969678246,1.35,13.18,0.24183568432636235,14.49,22004.14,12.48,9.01,17.81,1
225,005930,2017/12,0.13373624643215853,0.08655136556827274,0.06901822649196775,1.1509598766927194,40.68,1.2607868946255887,1.67,9.4,0.2127190339783256,22.39,24536.12,21.01,14.96,14.09,0
226,005930,2018/12,0.013089811674857938,0.016351969937107448,0.006732705328093041,1.1246224964134466,36.97,1.0497749846150672,1.09,6.42,-0.4266459301876113,24.16,27531.92,19.63,13.83,21.92,2
228,005940,2016/12,0.043407351946044316,-0.00028815414829782383,0.00051962223463542,1.030314364976035,824.34,1.0313813724909704,0.62,12.27,-0.07755823434587461,3.42,204.91,5.14,0.56,51.12,1
229,005940,2017/12,0.016209377262894686,0.0036217827321780314,0.0026109991216083203,1.0214588579168082,807.59,1.0191718551842555,0.86,11.92,0.3272129112084161,4.81,217.15,7.4,0.81,43.02,1
230,005940,2018/12,-0.00625184323533915,0.0016626368104501552,0.0002445658596335828,1.2171181084781753,957.08,1.2384315030788728,0.77,10.86,-0.11054187439982384,5.85,231.36,7.31,0.74,41.74,1
232,006120,2016/12,0.008066418586245995,0.017670022601191698,0.012404021033566954,0.9925549658832449,145.86,0.9686471116432206,1.24,27.17,-0.14256306465487034,3.56,1106.27,5.35,2.68,10.29,0
233,006120,2017/12,0.18860961414097865,-0.02557447725802975,0.10783358482431558,0.7717197024091416,135.66,0.74880906398867,1.15,3.62,-0.07534943724178685,1.28,2934.94,53.52,13.82,1.28,0
234,006120,2018/12,0.10617619608002273,0.0036318630036927322,-0.14273830296635961,0.9513025576055111,107.27,0.8552269601100413,0.37,6.63,-1.1340142157190256,1.44,2118.77,5.56,1.98,17.38,2
236,006260,2016/12,-0.15230804562504785,0.019107402587460767,0.029457245655668682,0.9829479330061226,198.38,0.9321439397219937,0.67,11.35,0.3128723212803396,3.28,1474.75,7.07,2.2,20.64,1
237,006260,2017/12,0.09250504014340923,0.0069267059044581785,0.015204221024888406,1.0273756820755688,174.74,0.9828114837870482,0.74,7.86,0.09937247381320356,4.27,1662.86,11.48,3.71,11.69,0
238,006260,2018/12,0.06589412385437633,-0.0012018056396928068,0.012008285619369589,1.0512481335618153,140.63,0.9659513455599672,0.43,3.91,-0.5428649775106075,3.57,1942.82,13.73,4.76,8.59,1
240,006280,2016/12,0.10122399433523283,-0.00890177698351148,-0.020568499848265163,1.095752950321532,46.42,1.1777671298514614,1.8,29.14,-0.20520585062754246,6.55,1645.95,6.46,4.39,22.66,2
241,006280,2017/12,0.05531313379632475,0.00725216643107369,-0.005224018191875115,1.098671482006965,53.65,1.2101301871440195,2.48,49.6,0.32047189527477177,7.01,1714.5,5.24,3.48,26.79,0
242,006280,2018/12,0.02742923840093376,-0.023402392763349867,-0.013131018383425737,1.0116224465837051,53.03,1.0038661959993276,1.46,46.16,-0.5298221244566457,3.76,1760.95,3.28,2.0,33.15,2
246,006360,2018/12,0.11347887088562333,0.05797146510480025,0.0583834371684305,0.8785611027554283,231.98,0.8041197678088152,0.97,5.67,0.43157625211185,8.1,830.57,17.34,4.57,13.53,0
249,006390,2017/12,-0.0594488188976378,-0.05610236220472441,0.41633858267716534,0.9542219657626466,136.98,0.7609445476253648,1.22,4.16,-0.9736312784894,7.14,169.26,34.91,12.11,0.0,2
252,006400,2016/12,0.015800498624926107,-0.05567764155550415,0.011913023363405042,0.9183374113267552,35.9,0.7916574485629815,0.69,34.97,-0.056352936551131744,-17.81,2810.66,2.02,1.36,30.9,2
253,006400,2017/12,0.07478624110697735,0.06808955029045101,0.028203119900789764,1.0564686617047978,37.46,1.0898074284843249,1.21,21.9,0.5616840409994817,1.84,2983.72,5.98,4.2,10.19,2
254,006400,2018/12,0.16025008976558358,0.034088124155776056,0.005801991371105171,1.2292001499202754,58.28,1.660838753292771,1.23,21.98,0.016393809775676352,7.81,3266.07,6.05,4.25,9.55,2
256,006650,2016/12,-0.07932699608224254,0.04361162571749628,0.043793846994867436,1.153358184553005,36.39,0.953596757852077,1.32,6.58,0.24807293435673516,21.49,3045.72,23.51,16.58,9.08,1
257,006650,2017/12,0.09801296127684644,-0.03149268919715066,-0.031278453216217666,1.117373554093899,33.76,1.0569485762855928,1.1,7.99,-0.1823215567939546,15.97,3507.37,15.53,11.49,11.53,0
258,006650,2018/12,0.3917562270830699,0.017499051713238085,0.021696801112656466,1.0067492134375318,16.63,0.5685564937675914,0.56,3.88,-0.6751286750572669,12.48,4063.24,16.22,13.02,9.6,1
260,006800,2016/12,0.08499856448943674,-0.003391539590914502,-0.0037089858292932852,2.0153364301801804,759.13,2.026998878384874,0.55,61.72,-0.503526321284379,0.04,98.57,0.78,0.09,66.02,1
261,006800,2017/12,0.03332918623017504,0.008446567280437934,0.006615531081636627,1.5825053520477477,1127.25,1.6450357693371804,0.69,12.15,0.22677331936478837,6.09,118.9,7.19,0.68,24.78,1
262,006800,2018/12,0.028971008389068003,-0.0011067877712887754,-0.00041109260076440226,1.302989409290429,1313.8,1.3182404096004305,0.55,11.34,-0.22677331936478834,3.85,105.13,5.83,0.44,33.71,1
264,006840,2016/12,0.04380035895673426,0.041012716233245504,0.06518501546568908,1.0987377279102384,171.1,1.0857017378756508,1.16,10.3,-0.22314355131420985,7.31,841.77,12.19,5.09,9.85,1
265,006840,2017/12,0.16554416445390122,0.01825311692194067,0.018323456486187068,1.0739997811736388,155.61,1.0359433689685063,1.26,9.11,0.08269171584511341,7.83,970.14,15.07,6.52,8.41,0
266,006840,2018/12,0.10049348069434152,0.001292824822236587,0.006684850300345279,1.1538644390111383,130.54,1.07324147933285,0.83,6.69,-0.4174412991548801,7.27,1179.2,13.82,6.51,9.15,0
268,007070,2016/12,0.23874631221647685,-0.0016284406095020568,0.02269242563630788,0.9970224897054165,100.27,0.9174461478750242,1.84,13.36,-0.2274819529128079,2.95,2484.48,14.5,5.79,30.88,0
269,007070,2017/12,0.1762026554714328,-0.010678948816450472,-0.03228140252911746,1.0785572076079128,112.77,1.1417632625433625,1.53,26.26,-0.1844978362165501,2.0,2541.87,5.88,2.35,39.1,2
270,007070,2018/12,0.08340529083915535,0.002865217050003925,0.003375461182196405,1.0012960744653694,107.41,0.9783615547074734,1.49,25.86,-0.02649161544697634,2.07,2617.34,5.86,2.6,41.5,2
272,007310,2016/12,0.08293792655183621,0.005914852128696782,0.02151446213844654,1.0730310584113725,53.85,1.0416666666666667,2.17,16.56,-0.7023215568359866,7.09,5713.2,13.94,8.97,16.65,1
273,007310,2017/12,0.06969587255611875,0.002172338884866039,-0.0033791938209027277,1.0809945375776981,49.51,1.0226008968609865,2.47,21.12,0.1294909830875177,6.87,6478.79,12.34,7.99,17.96,2
274,007310,2018/12,0.06372186410229314,0.0029588925287963646,0.015005812110324422,1.198524713945519,61.76,1.3818628310822663,2.03,15.76,-0.19618235758619001,6.75,7722.83,13.87,8.5,15.91,1
276,007570,2016/12,0.17659474671669795,0.016416510318949345,0.008442776735459663,0.9759036144578314,103.2,0.9696282864913871,4.09,138.83,-0.134753139874845,8.6,183.42,3.04,2.79,32.01,1
277,007570,2017/12,0.01912313432835821,0.004430970149253731,0.0023320895522388058,1.0360873694207027,106.83,1.053763440860215,3.74,119.94,-0.0894593586282697,9.06,191.71,3.28,3.02,0.0,0
280,008060,2016/12,-0.040070168959468196,0.0036931031299049025,-0.01329517126765765,1.0614769699276743,19.46,1.3135838150289016,0.73,17.04,0.05635293655113178,5.86,2000.6,5.06,4.32,53.47,0
281,008060,2017/12,0.036401098901098904,0.0030906593406593405,0.020947802197802196,1.0885780885780887,16.73,0.9570957095709571,0.79,13.51,0.07898841131863046,5.97,2101.53,7.22,6.11,35.09,2
284,008560,2016/12,0.10762071522092345,-0.0049342987396084744,-0.0021137980534128376,1.1967675535564535,819.33,1.2108087269179628,0.84,6.77,-0.22314355131420985,6.61,280.16,14.12,1.6,35.73,1
285,008560,2017/12,0.017240363079099374,0.005732052339974066,0.004980549333962042,1.3580537184817985,607.92,1.3085545339354754,0.96,8.18,0.13353139262452257,8.37,363.05,13.79,1.72,36.69,2
286,008560,2018/12,0.12604463455186002,0.0032483465293596326,0.002878467161304026,1.32882740740109,797.23,1.3749478597676035,0.84,7.11,-0.13353139262452263,6.09,385.42,13.0,1.57,32.54,0
288,008770,2016/12,0.21983545534295942,0.0008535457713919909,0.004409986485525286,0.9376579225432995,208.52,0.9627303182579564,2.76,69.2,-0.39331429032565174,2.13,283.93,3.96,1.32,47.74,2
289,008770,2017/12,-0.09417398244213887,-0.002769823013004084,-0.0011736538190695272,1.0873101420872122,232.14,1.124401913875598,4.81,134.31,0.5554664043886112,2.08,289.06,3.81,1.19,52.54,1
290,008770,2018/12,0.5301908067832586,0.06013840677441465,0.03758650423400915,1.0380767844268204,201.12,0.9920696324951644,3.79,27.74,-0.2383310650233347,4.44,335.96,15.41,4.88,12.04,1
292,008930,2016/12,-0.1170839469808542,-0.19745423942772986,-0.17830843677677258,1.0399141630901287,49.68,0.9249568717653824,5.44,450.87,-0.8367381001722013,2.27,2184.0,1.29,0.84,0.0,2
293,008930,2017/12,-0.013626834381551363,0.01090146750524109,0.0240041928721174,0.9686339248865043,41.14,0.8504818153559217,10.41,235.0,0.6489878217590263,2.14,2134.2,4.59,3.23,40.55,1
294,008930,2018/12,0.06004419770387538,-0.013906106829084245,-0.013798307551339406,0.9762462718363869,40.34,0.9630847953216374,7.68,284.2,-0.3041473354672968,1.55,2065.84,2.73,1.94,69.01,0
296,009150,2016/12,-0.019193549467255107,-0.037087884490460146,0.00030806115683661373,1.054075245890364,76.66,1.1255543143427778,0.91,268.04,-0.21652831219549035,0.4,922.4,0.35,0.31,257.8,2
297,009150,2017/12,0.10440699935191186,0.036526247569669476,0.02001296176279974,1.0136768198783703,79.32,1.0333533834586466,1.79,47.98,0.676526299323905,4.48,942.01,3.82,2.3,35.12,1
298,009150,2018/12,0.1417839059729593,0.1028131340519001,0.06186823297161275,1.1129721657182583,74.77,1.0763991967170174,1.62,12.24,-0.09978947060837087,14.37,1088.79,14.5,8.35,11.53,2
300,009240,2016/12,0.26855293130320107,0.015465771490228989,0.015345881788754345,1.1698751300728407,66.09,1.0725202277494756,6.64,36.72,-0.3707323011892726,8.25,2410.56,26.12,15.29,15.59,0
301,009240,2017/12,0.13652605194389633,-0.02037224681350328,-0.033704869073649404,1.0848343340004447,92.21,1.3079072366582845,6.25,44.15,-0.0605304997400323,6.81,2718.45,18.3,10.23,22.05,0
302,009240,2018/12,-0.13988203977243072,-0.08820919672216712,-0.00615898533326374,0.9636158655324383,63.66,0.7812433240760521,2.07,17.63,-1.1050328564710323,2.91,2999.76,16.63,9.39,23.51,0
304,009420,2016/12,0.023986765922249794,0.0380479735318445,0.07526881720430108,1.0649017933390266,19.52,0.9315068493150684,6.43,337.97,-0.07199509953005052,0.34,312.7,2.03,1.68,0.0,2
305,009420,2017/12,0.008861622358554875,0.021813224267211998,0.025903203817314247,1.3528468323977547,51.71,2.8186274509803924,11.23,219.27,0.5576142305008238,4.2,336.51,5.39,3.96,0.0,2
306,009420,2018/12,0.045921450151057405,0.012084592145015106,-0.015105740181268883,0.9620628334321281,38.82,0.7895652173913044,15.85,573.05,0.34458073157293767,5.96,348.46,2.89,1.99,0.0,1
308,009540,2016/12,-0.4880632076928704,0.0646627053477805,0.040699706558936136,0.9894924306284125,175.2,0.915392297976089,0.54,18.16,0.3513978868378886,1.76,3831.27,3.67,1.27,0.0,0
309,009540,2017/12,-0.1721714607582591,-0.04101156655716304,0.05207029906209952,0.6212305385368125,145.79,0.5787945203721115,0.52,2.55,-0.037740327982847086,0.1,6101.36,18.17,6.79,0.0,1
312,009830,2016/12,0.08831065575251622,0.0319618366129994,0.042680833378507796,0.9974950550799128,152.69,0.9358964299725383,0.77,5.41,-0.22054276961415234,8.42,532.12,15.23,5.57,7.62,1
313,009830,2017/12,0.006043527964059212,-0.0016601498503680727,0.004630944319447782,0.98781290934223,120.6,0.8936955063715627,0.86,6.36,0.11054187439982383,8.1,626.0,14.6,6.08,6.98,0
314,009830,2018/12,-0.020484055261244416,-0.027845296215505005,-0.046681209099407914,1.1159016813802702,144.6,1.206700616456714,0.54,17.83,-0.4653632496892333,3.92,651.93,3.08,1.11,17.63,1
316,010060,2016/12,0.06424849048525916,0.039269527732258586,0.005506591670726486,0.8561133336986902,91.4,0.7355913819454716,0.59,7.75,-0.033336420267591836,4.84,2391.3,7.87,3.24,3.94,2
317,010060,2017/12,0.14520054517133957,0.02644730010384216,0.002141744548286604,0.972665877156483,77.94,0.8921246648793566,0.97,13.81,0.4971735345976634,7.83,2564.28,7.17,3.77,19.8,0
318,010060,2018/12,-0.0885204559783257,-0.021418712832484196,-0.021946938845059383,0.9311922077067359,62.05,0.8140190075504301,0.74,24.59,-0.27064588529921296,5.1,2604.63,3.06,1.77,19.53,0
320,010120,2016/12,0.005273069679849341,-0.013293452974410104,0.0044754625013847344,1.0044854998445618,112.16,0.9666127728375101,1.09,14.77,-0.19900124599261004,5.62,627.59,7.77,3.58,29.07,2
321,010120,2017/12,0.057596954134938906,0.015052240127501329,0.011200637506640694,0.9973472455566363,96.48,0.9264029438822448,1.67,18.58,0.4266459301876114,6.76,685.28,9.51,4.69,30.69,1
322,010120,2018/12,0.060622962073107946,0.01999313540415308,0.011240775699330702,1.0664952566716908,85.42,1.0006319400559718,1.11,11.17,-0.40846361110442075,8.25,789.68,10.78,5.67,26.75,1
324,010130,2016/12,0.17369759089625117,0.014930793753278722,0.01300996731366773,1.0972765280387278,14.48,1.19067673540517,1.52,15.13,-0.06986967996048589,13.08,5678.25,11.18,9.6,25.36,1
325,010130,2017/12,0.11082266450701517,0.0192445657399395,0.005828100616092362,1.085690926480116,15.27,1.137333821197707,1.46,14.79,-0.04027389913793996,13.56,6187.4,10.96,9.38,28.1,1
326,010130,2018/12,0.04018508132361189,-0.018241727425687044,-0.013909141895681435,1.0266833378326536,13.36,0.913029490616622,1.22,15.47,-0.17958557697507987,11.11,6565.05,8.64,7.5,36.86,1
333,010620,2017/12,-0.11320152516001071,-0.011353209048370826,0.04623355010059445,0.9017049087933408,255.66,0.8582643264111138,0.71,3.61,0.11954515064978273,4.4,1801.36,20.05,5.07,0.0,0
334,010620,2018/12,-0.008554624844056318,-0.006280180937104836,-0.055078884164608634,0.41634012068177995,49.48,0.19172951189739645,1.05,28.19,0.39128047311620795,2.95,950.86,3.77,2.05,32.84,0
336,010780,2016/12,0.3971728924270259,0.09711165543988569,0.057511737089201875,1.124457935819601,120.77,0.9093677377995032,1.52,6.07,-0.35601683269418305,17.68,5743.62,29.12,10.92,14.47,0
337,010780,2017/12,0.05010813049279897,0.009064556204849767,-0.008742465375235816,1.0953528731199382,105.44,1.0275819527670074,1.01,5.49,-0.40876000400501694,17.71,6810.79,19.87,8.97,17.35,1
338,010780,2018/12,-0.10604053963051921,0.02500617297806909,0.021908460347033604,0.960610861719919,97.03,0.9217905839979419,0.89,3.85,-0.1264841471091196,23.81,6785.76,23.01,10.95,15.08,1
340,010950,2016/12,-0.1267244339413036,0.06457815750671594,0.046383485830859036,1.2930387661525635,118.4,1.3999186029302946,1.54,8.19,-0.11054187439982384,9.91,2084.62,20.46,9.74,59.89,1
341,010950,2017/12,0.3146403181106157,-0.016773105193396795,0.002829945088048474,1.0808438999928363,120.49,1.089515553558686,1.99,10.94,0.2563522223108632,6.57,2239.92,18.84,8.58,55.11,0
342,010950,2018/12,0.2945574615446565,-0.04727712007731336,-0.06368688088910365,1.0574979287489643,146.63,1.150519115078595,1.76,44.15,-0.12282082968634055,2.51,2111.25,3.88,1.66,33.88,1
344,011070,2016/12,-0.09310512260257343,-0.028866229667394997,-0.02187424132070891,1.1045908591574483,143.11,1.1841995068161728,1.18,422.41,-0.11211729812070624,1.82,1416.42,0.28,0.12,119.45,1
345,011070,2017/12,0.3699172646355331,0.03758381366898012,0.03329020115280555,1.3593681337743138,201.29,1.5427864214992928,1.75,19.5,0.3941013494578493,3.88,1584.48,9.37,3.43,3.38,1
346,011070,2018/12,0.058571723284280015,-0.0056732223903177,-0.0020114152111126394,0.9793449595916631,171.74,0.9264267705707082,0.97,12.54,-0.5900749954201313,3.3,1724.22,8.02,2.8,4.35,2
348,011170,2016/12,0.11049731841695141,0.06827976264514571,0.06193615417822101,1.3835958073911299,68.78,1.652778487807372,1.33,6.89,0.19900124599261007,19.24,5231.49,21.74,13.44,7.34,1
349,011170,2017/12,0.14969873905211503,0.021763068287697147,0.025264132724223412,1.2321955277686742,59.54,1.1283946798639035,1.1,5.62,-0.18986876242933745,18.46,6688.68,21.52,12.9,16.04,0
350,011170,2018/12,0.00984384177486549,-0.04874833023957809,-0.031856178795095925,1.0638381668456856,53.56,0.9943258134371317,0.75,6.01,-0.38299225225610584,12.11,7390.44,13.04,8.14,22.79,1
352,011210,2016/12,-0.04302016752765374,-0.03476052885036337,-0.028631468347780405,1.050724962966288,115.49,1.0692065115486236,0.6,15.19,-0.44895022004790314,3.46,2346.07,4.07,1.91,22.35,0
356,011780,2016/12,0.008199435860541072,-0.0015759361403268354,-0.009387097879338106,1.0796798556025269,163.1,1.1065651013035966,1.41,37.49,0.41616039722491216,3.96,880.5,4.61,1.85,30.17,1
357,011780,2017/12,0.23984483722153432,0.023121007243121227,0.02998060465269179,1.0074129473614746,134.05,0.9307359307359307,1.51,15.6,0.06851994643675614,5.18,996.98,12.34,4.77,12.78,1
358,011780,2018/12,0.11310824770293046,0.06350241939868428,0.062088838144946444,1.0080571203982707,96.61,0.8648875333587496,1.04,5.95,-0.3728889376735517,9.93,1362.22,23.45,10.94,7.47,1
360,011790,2016/12,-0.02945822363863101,-0.01906609394485243,-0.05994180407371484,0.9567810856244239,131.56,0.9404287255499789,0.84,28.7,-0.011834457647002796,6.33,685.31,3.01,0.81,63.09,1
361,011790,2017/12,0.08173871958421923,0.007337307708342018,0.02973833048456803,1.039248469734754,130.13,1.0343159259813457,1.15,16.03,0.3141153295199365,6.62,734.66,7.7,3.79,28.97,1
362,011790,2018/12,0.030478374486694042,0.006772972108154232,0.0012532664924537358,1.0452103727537971,126.17,1.0311520470656315,0.83,11.14,-0.3260915205666521,7.27,780.98,8.09,3.76,29.37,2
364,012330,2016/12,0.05641216610640311,-0.0007523299583324946,0.0001836792205962278,1.1042176265658588,46.06,1.087200171920718,0.88,8.46,-0.03352269203864356,7.59,5890.06,11.23,7.67,10.91,1
365,012330,2017/12,-0.07470724423715733,-0.021086084334750576,-0.035701103915713184,1.0006041484862724,42.16,0.9410275513927746,0.85,16.33,-0.0346855579878901,5.76,6146.92,5.43,3.73,21.14,1
366,012330,2018/12,0.00010848045995715021,2.3582708686337002e-06,0.0077940852208343795,1.031969389124226,40.28,0.9991759506863038,0.59,9.79,-0.365113812584597,5.76,6412.49,6.3,4.45,20.06,2
368,012450,2016/12,0.18554757538190425,0.04309293771707837,0.06960851613167628,1.3759828622897343,141.48,1.7778076014601676,0.99,6.69,0.16430305129127634,4.28,579.14,15.07,7.09,0.0,0
370,012450,2018/12,0.03616776853845393,-0.004519069102196389,0.014759249256331642,1.2869197578119562,180.63,1.3348567262939495,0.71,52.55,-0.1916674192121923,1.19,667.34,1.42,0.75,0.0,1
372,012630,2016/12,0.02608303009376079,0.022612375716043808,0.016361656352094345,1.0498176076659225,109.97,0.9969069790398474,1.32,11.58,0.038614836127779516,10.89,627.3,12.32,5.86,16.79,1
373,012630,2017/12,-0.524001947419669,-0.070042194092827,0.013420967218435572,1.1304843895861425,120.74,1.1806449483447206,1.01,7.82,-0.2676814057451114,5.63,717.2,14.36,6.71,17.99,0
374,012630,2018/12,0.005387421977867345,0.0019700274396679098,0.10404961252776633,0.5214086919289231,61.34,0.36239865809337435,0.52,1.02,-0.663876798259832,6.17,1268.89,38.82,18.72,0.94,0
376,012750,2016/12,0.021437578814627996,0.02269861286254729,-0.010438559618887488,1.0473321858864026,32.77,0.8703211784593093,2.7,23.71,-0.24221969837502352,11.24,6491.37,13.51,9.85,30.07,1
377,012750,2017/12,0.07370393504059962,-0.0020381998093296954,0.0018409546664913377,1.0829224869898657,30.94,1.0369034406215316,3.0,28.37,0.10536051565782614,10.43,7060.34,12.42,9.42,58.97,1
378,012750,2018/12,0.04656292121063595,-0.0021443450557529714,-0.024690601641955644,1.064116345241859,33.31,1.1252341450361252,2.69,37.09,-0.10907109505436201,9.87,7347.08,8.34,6.31,82.09,2
380,014680,2016/12,0.15138854755468173,0.05423117883181781,0.040304743180142544,1.3429942418426104,105.12,1.3073277433467008,3.27,16.86,0.13747099062860288,17.84,398.76,21.29,9.65,19.86,1
381,014680,2017/12,0.08601546029515109,-0.004075895994378074,-0.0011243851018974,1.0337287408889524,85.06,0.9272169548243168,2.51,15.09,-0.26450723176546964,15.18,473.38,17.99,8.16,20.44,2
382,014680,2018/12,0.0796039603960396,0.01900990099009901,0.012805280528052805,1.0945665698880134,77.03,1.0360902255639097,2.26,12.42,-0.10491793985949803,16.08,590.15,20.12,8.94,18.88,2
384,014820,2016/12,0.06392623300143349,0.02200612142109953,0.02673278834605401,1.028528764539453,238.58,0.9597252575710271,5.37,25.13,-0.6025743650564984,9.75,166.89,23.62,6.24,10.55,0
385,014820,2017/12,-0.27114967462039047,-0.03125251064513537,0.0032939664176106693,0.9021930159700466,140.82,0.7486445456517025,3.12,17.07,-0.5429949066993822,9.13,187.62,20.8,6.8,18.8,0
386,014820,2018/12,0.05466851787573759,-0.00798333911836168,-0.018309614717112115,0.9520623359024307,109.51,0.8509559675550405,1.65,13.25,-0.6370577139089018,7.68,215.07,13.17,5.52,24.06,1
388,014830,2016/12,0.031387982338260706,0.014302169322326742,-0.021501247840276443,1.009645061728395,65.7,0.9660148975791434,0.63,7.97,-0.0763729787845741,9.19,1272.16,8.13,4.65,19.61,1
389,014830,2017/12,0.01990832908930969,-0.0008333719153664522,-0.00685216908190194,1.0633358807795186,71.39,1.1173493975903614,0.64,10.45,0.015748356968139112,8.8,1338.51,6.19,3.8,24.7,1
390,014830,2018/12,0.04638202247191011,0.011685393258426966,-0.004584269662921348,0.9989219297457551,69.64,0.9842570627560923,0.57,10.34,-0.11583181552512183,9.84,1468.23,5.52,3.23,27.08,1
392,015760,2016/12,0.006982268764387087,0.0037094895869206647,-0.035503819941636004,1.014718921997017,143.44,0.9764394319894069,0.39,4.01,-0.20763936477824438,19.94,1721.37,10.19,4.05,18.03,0
393,015760,2017/12,-0.0020882811833074313,-0.039198511564378424,-0.03173798105197651,1.0222220347846624,149.15,1.0385335897276844,0.34,18.86,-0.137201121513485,8.28,1727.45,1.81,0.8,39.05,1
396,016360,2016/12,0.01519674017466909,-0.005138242067254917,-0.0031389987901775497,1.072125932426503,768.31,1.0703442953557623,0.63,13.91,-0.27570588140506525,4.78,870.93,4.74,0.54,28.51,1
397,016360,2017/12,0.0016016139773132785,0.0041754357373465474,0.0027199339123495678,1.1419926030472556,760.18,1.1405842941196476,0.74,11.71,0.16093036681263712,8.03,862.24,6.6,0.76,32.88,1
398,016360,2018/12,0.01061106020144496,0.002564273999756158,0.0016544549016831653,1.0100742325743182,722.17,1.0039330164655929,0.6,8.42,-0.20972053098206914,9.37,916.87,7.36,0.88,37.42,2
400,017670,2016/12,-0.0014996885390728986,-0.005754929516308695,0.004816371655552605,1.0950373319711422,94.2,1.1494552255192205,0.99,10.79,-0.01005033585350145,8.98,42270.33,10.74,5.54,42.13,1
401,017670,2017/12,0.013231077272951995,2.7809363721758045e-05,0.03082204479161517,1.0680880703693882,85.41,1.0143796274339314,1.06,8.29,0.06831924397747723,8.77,46488.12,15.38,8.21,27.16,2
402,017670,2018/12,-0.01704534960117576,-0.008834029483705331,0.012517513700925357,1.2674468346061918,89.58,1.3000357154453066,0.86,6.96,-0.2090917978585595,7.12,56140.21,15.52,8.26,22.94,1
404,017800,2016/12,0.15983300260289152,0.012937144035255007,0.06283019354173647,1.188920855192644,166.42,1.1641170748961005,1.82,10.99,-0.23841102344499823,10.32,541.02,18.13,6.03,9.57,2
405,017800,2017/12,0.10688933381871132,-0.021068438296323263,-0.017246086639970876,1.0854052002277472,173.88,1.1032282567413596,1.6,14.31,-0.12883287184296843,6.79,591.01,11.59,3.6,13.16,2
406,017800,2018/12,-0.04997426218256692,0.003345916266300618,-0.03324468085106383,1.0381185521944396,155.03,0.9939410630680253,3.15,357.89,0.677398823591806,7.62,585.32,0.9,0.06,307.8,1
410,018250,2018/12,0.22412426692027262,0.09351719765414487,0.07196069107624029,1.8586316266425011,32.7,0.9825072886297376,4.04,19.76,inf,11.32,1076.51,28.48,19.27,19.44,0
412,018260,2016/12,0.04959882189513956,0.005890524302208188,0.0067558848311408334,1.0805944690999258,29.31,0.9974916387959866,2.1,23.27,-0.7120156648643281,7.67,13368.64,9.54,7.81,12.51,2
413,018260,2017/12,0.1585008286236349,0.014801909375486906,0.0038952393093386593,1.0636948260742474,27.25,1.0047714230446838,2.78,29.18,0.28051358297316836,7.87,14589.49,9.91,7.67,29.17,1
414,018260,2018/12,0.09613120929137565,0.019069292945146355,0.012686703811242773,1.1011294622001153,30.34,1.1970095617018546,2.64,25.08,-0.05167201054432081,8.74,15816.46,10.91,8.36,24.58,1
416,018880,2016/12,0.03978631252476397,0.01718790561681081,0.016504761514393847,1.115713707579349,104.77,1.1897102235074402,3.01,18.82,-0.05494111803130121,7.41,3584.71,16.36,8.3,41.11,1
417,018880,2017/12,-0.029576529269484793,0.011504768588723322,-0.001353502186908626,1.06733683965075,102.79,1.0573728985213693,3.75,25.71,0.21981576122153512,8.39,3843.05,15.16,7.48,56.42,1
418,018880,2018/12,0.07427654769191802,-0.007303121767946472,-0.003102771386959917,1.300077677444412,151.25,1.544035247354054,2.83,20.76,-0.28147912832717314,7.31,4042.99,13.83,5.99,61.52,2
420,019680,2016/12,0.008989033379277282,-0.0002397075567807275,-0.005153712470785642,1.0335120643431635,27.96,1.0486700622524052,1.12,19.89,-0.11778303565638339,5.22,1198.79,6.6,5.01,51.21,1
421,019680,2017/12,-0.009969505043396668,0.0031667839549612948,-0.0002345765892563922,1.010611956137248,26.61,0.9724770642201835,1.09,20.46,-0.02715098906595086,5.6,1238.71,6.3,4.88,51.8,1
422,019680,2018/12,-0.05819604124688871,-0.02358658290861681,-0.026549721464975702,0.9687317699218294,34.61,1.1847946725860155,0.96,37.01,-0.12699969076130754,3.36,1246.02,2.94,2.28,98.87,2
424,020000,2016/12,0.09541468303683287,0.005913304936106239,-0.016436983212227512,1.0840731070496084,17.91,1.2505947660586836,0.87,15.2,-0.2069207158073225,10.12,7184.05,6.6,5.66,11.67,1
425,020000,2017/12,0.4512072654237436,-0.014845216783827447,-0.002270444919879492,1.2064547206165703,35.31,2.072289156626506,0.75,14.38,-0.14842000511827322,4.48,7567.81,5.96,4.7,14.28,2
426,020000,2018/12,0.05584158415841584,0.028673267326732674,0.014653465346534653,1.016290026351513,28.46,0.8629130966952264,0.8,12.33,0.06453852113757116,7.02,8082.91,7.56,5.74,12.14,0
428,020150,2016/12,0.013534743202416918,0.14453172205438067,0.2511178247734139,0.8948935195786581,32.6,0.4713094654242276,1.91,13.91,-0.05599426935457494,7.27,1255.73,15.14,9.82,4.99,2
429,020150,2017/12,0.10565747766785132,0.039381423494380945,0.00307367207761022,1.6640225179119754,22.6,1.2476586888657648,3.32,38.3,0.5528615408698587,10.91,2066.05,10.33,8.11,70.87,1
430,020150,2018/12,0.07150837988826815,-0.001191806331471136,-0.001340782122905028,1.0644318007073659,31.0,1.366138448707256,3.58,45.71,0.07539801748421185,9.71,2147.87,7.8,6.15,0.0,2
432,021240,2016/12,0.032646736662124975,-0.06652240121824156,-0.05332478426972296,1.108313619466036,66.28,1.4601638123603873,5.47,27.88,0.07989037314662145,14.26,3214.14,20.14,13.0,96.33,1
433,021240,2017/12,0.06809479959288518,0.0648960403237532,0.03988755876508506,1.0971692839355593,119.79,1.5,7.17,22.58,0.2706270381776393,18.78,2686.45,30.12,15.78,71.21,2
434,021240,2018/12,0.08396139098241438,0.02075895808541584,0.010665961479130856,1.1019037472787068,118.71,1.0973992860785313,4.92,15.65,-0.3765971241073122,19.2,2697.25,33.84,15.42,74.18,1
436,023530,2016/12,-0.12137616466911111,0.0020990372754641426,0.01434221086487841,1.0300417266682067,142.79,1.0443286522208808,0.38,39.2,-0.05129329438755058,3.16,10102.2,1.03,0.6,35.14,1
440,024110,2016/12,0.0062211316339107646,0.00013247587751175673,5.63727138347901e-05,1.0709156163954057,1323.2,1.0730400945409775,0.47,7.21,0.0,10.03,448.59,6.59,0.47,27.28,2
441,024110,2017/12,0.00567428945656897,0.0018673207751584934,0.0012954843949505867,1.0670360371794743,1284.07,1.0647560342372824,0.55,7.21,0.15718558352241255,12.08,501.92,7.98,0.57,27.04,1
442,024110,2018/12,-0.004457581908200641,0.001306294005579696,0.0009077696458225651,1.0563349396157256,1272.46,1.055639325436154,0.44,5.27,-0.22314355131420985,15.43,541.21,8.63,0.63,23.38,0
444,025540,2016/12,0.06934521858818903,0.010093727469358327,-0.0022284852854427477,1.1674953828668846,33.75,1.4382801664355063,1.33,12.2,-0.31913702461966714,12.66,11476.6,11.45,8.81,10.85,0
445,025540,2017/12,0.03559222156747201,-0.02863877430760165,-0.020506776664702416,1.0649793137016306,29.55,0.9623915139826422,1.03,13.99,-0.25562013999211797,8.88,12317.41,7.72,5.87,14.63,2
446,025540,2018/12,0.0023045457164256496,-0.022930229878435213,-0.011753183153770812,0.9832038391224863,24.55,0.8496993987975952,0.61,10.68,-0.5238551240563246,6.19,13123.53,5.8,4.56,18.41,0
449,025860,2017/12,0.04762780433983082,0.02831923501287238,0.022618609783008458,1.05052790346908,32.22,1.0249056603773585,1.22,19.8,0.18890052789199707,2.51,763.21,6.56,4.91,14.29,1
450,025860,2018/12,0.2177178535879106,-0.02008867975748801,-0.03311917473531807,0.9833094041636755,29.01,0.9072164948453608,1.3,68.42,0.06351340572232593,1.37,770.25,1.97,1.51,28.71,1
452,026960,2016/12,0.0034063637067430516,-0.002477355423085856,-0.002012851281257258,1.0561922954473097,10.83,1.114359415305245,2.33,23.07,-0.16936241215144934,8.88,2135.36,10.37,9.47,55.88,0
453,026960,2017/12,0.03337385346447121,0.0015471322798099238,0.002725899731093675,1.045742275810098,11.49,1.103395061728395,2.36,23.71,0.012793351459909322,8.53,2254.33,10.21,9.29,56.63,0
454,026960,2018/12,0.003120678038228306,-0.003191602539097131,-0.004042696549523033,1.0320674497369748,11.01,0.993006993006993,1.4,15.31,-0.5221893824163059,7.67,2350.12,9.39,8.54,59.24,2
456,027410,2016/12,-2.400655515370705,0.0189873417721519,0.017970162748643763,1.182535767143562,103.53,1.1503715060738295,4.52,22.76,-0.22491189837095188,9.31,1779.47,21.62,10.43,21.6,0
457,027410,2017/12,0.027524588392117303,-0.14857513420038188,2.3873617465864467,0.44748644138506466,18.32,0.13625179413573918,0.69,0.2,-1.8795756752349717,8.81,13439.63,428.57,252.03,0.18,0
458,027410,2018/12,0.07756745871929117,0.014901329037454692,-2.7794603302456706,1.8936021442722293,6.05,0.6975169300225733,0.51,14.04,-0.3022808718729335,13.36,1493.8,4.37,3.8,6.91,0
462,028050,2018/12,-0.011614138772484375,0.03278317185424668,0.025184559785014878,0.9104410086942838,347.73,0.8812267111198274,3.27,50.22,0.32190002976212223,3.76,21.87,6.6,1.45,0.0,1
464,028260,2016/12,0.33996814094464517,0.0023589061954690112,-0.06138915156548211,1.0495049738677191,110.65,0.9711113421353571,1.13,223.65,-0.22843923888892023,0.5,82053.37,0.62,0.05,84.56,1
465,028260,2017/12,0.025159506092565936,0.015866123964520456,0.009845210111713083,1.1032513467615865,95.02,1.0233333904285566,0.92,37.68,-0.20559924166330007,3.01,84799.73,3.13,1.03,51.57,0
466,028260,2018/12,0.0410384929955082,0.004867935916444701,0.027709620843338188,0.8645800415503712,88.06,0.8309460743084063,0.87,11.78,-0.055880458394456614,3.54,91044.17,8.06,3.82,19.26,2
468,028670,2016/12,0.012654860090920659,-0.014228041966940046,0.011937674235676526,1.0037781331849895,68.78,0.9373273847461228,0.84,21.66,0.03636764417087479,8.96,323.87,3.96,2.25,0.0,1
469,028670,2017/12,0.11238905775075989,0.006589665653495441,0.010747720364741642,0.8992749272618112,61.61,0.8412284678150499,1.18,19.69,0.33986782562235107,8.35,350.78,5.8,3.44,0.0,1
470,028670,2018/12,0.08290595091029336,0.0022211407679157465,0.001821834562447747,1.05780094494659,54.84,0.9828236562036913,0.9,15.59,-0.2708749541353996,7.64,379.25,6.06,3.71,0.0,1
472,029780,2016/12,0.00819514099888958,0.0022794108674695857,0.0007663115764298178,1.148576372502753,231.1,1.234690334095149,0.66,13.16,0.21936282847430366,12.42,1024.69,5.25,1.71,47.05,0
473,029780,2017/12,0.019114694838498838,0.0033213949858940757,0.0016584743369993174,1.0535095528316099,233.33,1.0565642823504788,0.63,11.86,-0.04652001563489293,12.96,1074.67,5.71,1.72,42.52,1
474,029780,2018/12,-0.023669357549106977,-0.0011708916339792752,-0.00179970380778296,0.9985049790697069,240.29,1.0072553486529319,0.54,11.59,-0.15415067982725822,14.27,1067.08,5.04,1.5,49.48,2
476,030000,2016/12,0.21198019062787746,0.011099221063633875,0.004429733967100515,1.1523916653275483,177.15,1.2893577121425224,2.09,20.53,-0.24491440643543863,4.63,4868.37,11.4,4.51,34.42,1
477,030000,2017/12,0.06487914891678247,0.0031892840057407114,0.01722213363099984,1.0403923026866226,161.49,1.0052359828376118,2.54,19.18,0.1950000150537257,4.64,5290.76,15.8,5.85,60.53,2
478,030000,2018/12,0.046662434246326864,0.011155450752766189,0.0015871576274260838,0.9704239824867087,143.29,0.9254865079939232,2.58,19.96,0.015625317903080815,5.21,5505.72,15.01,5.98,60.12,1
480,030200,2016/12,0.015434957090819287,0.004909150676885443,0.0055565845526949435,1.0424829250337408,139.06,1.0359403110208028,0.63,10.8,-0.015748356968139168,6.33,709.33,6.38,2.66,27.56,0
481,030200,2017/12,0.021340017838610312,-0.002145275255062286,-0.007835062484871997,0.9719887405721908,125.05,0.9284718709604901,0.63,16.57,0.0,5.88,730.56,4.1,1.86,51.41,1
482,030200,2018/12,0.0023514325812302064,-0.0036757284030768883,0.00648581953723936,1.082671563928438,118.51,1.0567362578161414,0.55,11.3,-0.13580154115906162,5.38,816.18,5.5,2.46,39.17,1
484,031430,2016/12,0.01691129546904914,0.007551584769198043,-0.0037226122101680493,1.0568803325311749,101.91,1.0852247441032488,0.99,27.22,-0.4674751828923769,2.65,1236.16,3.69,1.86,24.67,2
485,031430,2017/12,0.08491993114600177,-0.0016691878357936467,0.006885399822648792,0.9841647691989236,91.63,0.9323354521222063,1.07,21.98,0.07770898432731632,2.31,1284.1,4.96,2.52,17.8,2
486,031430,2018/12,0.1656149787938347,0.031136857349746562,0.03475742215785663,1.0332316752550215,80.33,0.9623927864526061,2.56,24.16,0.8723486100176562,4.4,1424.78,11.09,5.97,10.56,1
488,032640,2016/12,0.05478673856834349,0.009540478109949416,0.011821170337634346,1.0031880177391013,148.41,0.9547090342014768,1.04,10.15,0.019418085857101516,6.52,87.45,10.63,4.12,31.01,0
489,032640,2017/12,0.06925089656671377,0.006670957926151326,0.0045476204408851145,0.9955292724224504,128.08,0.9357374211202323,1.17,11.17,0.11778303565638346,6.73,103.24,10.88,4.57,31.91,2
490,032640,2018/12,-0.04280513537954969,-0.00661632283945369,-0.005062723668039914,1.1679359892756902,103.4,1.057306975009325,1.12,16.0,-0.04367506350266142,6.32,166.44,7.97,3.72,36.26,1
492,032830,2016/12,0.011000436954955258,-0.0006545233726458117,0.0037994677755316133,1.148856000684138,834.89,1.1437477134279128,0.76,10.95,-0.12361395596717664,3.24,30318.82,8.55,0.87,10.49,1
493,032830,2017/12,0.005591854541627967,0.0025726769359384807,-0.0032402356295842135,1.068240093284132,808.42,1.0645106695539663,0.76,21.35,0.0,5.29,33131.94,4.51,0.46,30.8,0
494,032830,2018/12,0.000985420564668006,0.0031205567154279144,0.00164469803361581,1.0237480448425227,848.77,1.0291344485242389,0.51,9.81,-0.39890770756200533,8.01,32515.83,5.95,0.61,28.59,0
496,033780,2016/12,0.03608233480295367,0.011273701008898867,0.02091368910767899,1.1312864620564023,37.85,1.1236081571374954,1.81,11.27,-0.15808924340618674,32.63,682.68,18.57,13.26,36.93,1
497,033780,2017/12,0.01656099224492889,-0.004445903958370172,-0.006193952560183898,1.0172542065409036,27.48,0.7985747689566863,1.88,13.63,0.03794493156412347,30.56,757.02,15.71,11.76,43.4,1
498,033780,2018/12,-0.019437340153452685,-0.0169840836292305,-0.026370024582226304,1.0174023684052338,24.86,0.939765755716676,1.59,15.46,-0.1675377606097176,28.07,795.11,11.38,8.93,56.02,1
504,034220,2016/12,-0.07921367845516893,-0.013240205218966952,-0.003876826480410438,1.1021871622699007,84.84,1.1569761552642774,0.87,12.41,0.18924199963852853,4.95,629.12,7.21,3.92,19.73,0
505,034220,2017/12,0.04759455258678114,0.042565317148989715,0.03721412182665976,1.1718111419650141,94.64,1.2413171188681393,0.74,5.93,-0.161843025450414,8.86,719.51,13.19,7.17,9.92,0
508,034730,2016/12,0.43499760367906626,0.03901120336376352,-0.027311548263706478,1.0663691172239942,143.46,1.0736253593745027,0.99,21.26,-0.08701137698962981,6.38,91087.1,5.96,2.83,27.26,1
509,034730,2017/12,0.0740766843896654,0.0041986404223448865,0.021087173473012366,1.065369980581733,139.93,1.0544526898614308,1.17,11.97,0.16705408466316607,6.34,96552.39,12.53,4.76,13.45,1
510,034730,2018/12,0.08330814144970021,-0.009258398930380975,0.009462551338005283,1.0881143341212478,134.75,1.0709403845252783,0.88,8.18,-0.2848371203195495,4.68,115396.6,14.88,5.37,12.51,1
512,035250,2016/12,0.01637591593001121,0.0060497014263735695,0.003363842603457717,1.0780860518044868,22.33,1.0480519480519481,2.23,16.82,-0.15350985955540902,36.46,3103.31,14.55,11.85,44.15,0
513,035250,2017/12,-0.036425098288975714,-0.021482724411184734,-0.0041642681298761745,1.0519477255591858,19.55,0.9423103400798568,2.02,17.01,-0.09890407405891392,34.3,3335.69,12.96,10.72,45.86,2
514,035250,2018/12,-0.026066604094143925,-0.02380924093193456,-0.033337689648207776,1.0108703442673865,17.97,0.9417007597895968,1.81,23.03,-0.10977066613537899,29.95,3415.78,8.39,7.06,61.37,1
516,035420,2016/12,0.1429275321898387,0.06318040254729698,0.045014642309301356,1.4525182972707995,54.27,1.0589235930633654,6.21,34.09,-0.3754982784586976,27.4,30503.53,26.2,14.11,4.35,1
517,035420,2017/12,0.0911611616481004,0.010729747948213677,0.001528850096248063,1.2587982293661508,51.16,1.211111111111111,5.37,37.1,-0.145332987424614,25.2,36789.46,18.5,10.7,5.5,0
518,035420,2018/12,0.10149437166559594,-0.026446188653948214,-0.015887824362447976,1.2321773720898332,66.09,1.4487307026270217,3.4,30.99,-0.45705247689865763,16.87,41077.9,12.97,7.02,7.07,2
520,035720,2016/12,0.12268523856744229,0.006341812143993727,-0.0030671309641860573,1.7199623647483142,48.1,2.9538971807628522,1.52,88.15,-0.5855912743386833,7.93,10068.46,1.93,1.51,17.35,2
521,035720,2017/12,0.0858748468331432,0.008332277010182956,0.010073097562006169,1.157783410222279,42.27,1.0591174489108466,2.31,85.5,0.41853718967551723,8.38,11781.26,2.91,2.11,9.25,1
522,035720,2018/12,0.0621571189958697,-0.012929016206696531,-0.015263227781310932,1.2535830157180206,41.45,1.2363636363636363,1.59,168.01,-0.373513508301562,3.02,12219.62,1.04,0.22,20.99,2
526,036460,2018/12,0.10446041929425179,0.0062918867981012405,0.04473305036763414,1.0686683145123508,367.05,1.0756129521707645,0.52,8.74,0.08004270767353656,4.88,1628.52,6.36,1.37,23.4,0
528,036570,2016/12,0.06344978165938865,0.03986899563318777,0.04585152838427948,1.0638067772170152,24.55,1.0813386009760633,2.79,19.93,0.05905774964360115,33.43,18017.34,14.9,11.85,29.8,2
529,036570,2017/12,0.2633080816659306,0.08703332540680096,0.05863369229201345,1.493815655709929,29.21,1.713518160326671,3.49,22.26,0.22386014038106164,33.26,21318.41,19.14,15.09,35.08,2
530,036570,2018/12,-0.013481964779913109,0.009245659333013807,-0.006957435952936811,0.8340327794476267,23.64,0.7052552364229274,4.06,24.47,0.15128123739930538,35.85,23669.54,16.43,13.03,29.79,2
533,042660,2017/12,-0.12955838199127928,0.17077807450323632,0.2591544833205088,0.7598375019913972,282.75,0.5870049633820416,0.44,1.87,-1.8718021769015913,6.6,51.53,28.12,4.87,0.0,2
534,042660,2018/12,-0.12474909374157404,0.024977209794010777,-0.02787894869742738,1.0412080232029912,210.36,0.9553221934461513,0.95,10.61,0.7696872576822797,10.63,122.94,9.53,2.74,0.0,0
536,042670,2016/12,-0.021980382998598787,0.04328818309201308,0.09112564222326015,0.8808419425117717,190.77,0.7944735634404966,0.89,28.96,0.6174353588242489,8.57,79.8,3.1,1.08,0.0,1
537,042670,2017/12,0.08257933595693226,0.01674637613345877,0.017790561939427373,1.0248633661786413,223.84,1.0797306335887147,1.13,12.14,0.23875144898020054,10.06,95.79,8.13,2.92,0.0,0
538,042670,2018/12,0.1090996137111423,0.017582479476937665,0.009162039492520641,1.07328655813003,188.66,1.0148530881752524,0.82,6.41,-0.3206685714480874,10.97,121.27,14.04,3.7,0.0,0
541,047040,2017/12,0.0705091617101859,0.09561251433600938,0.10805216973835116,0.8802531544001123,285.25,0.8225383846183056,1.08,9.5,0.0474022388945839,3.65,22.01,12.12,2.75,0.0,1
542,047040,2018/12,-0.1326434457827197,0.022809692691646535,0.004500259850029412,0.9951574125770541,276.83,0.9873505378329717,0.97,7.5,-0.107420248620837,5.93,25.78,13.2,3.4,0.0,0
544,047050,2016/12,-0.12671977271753174,-0.00620863208038158,0.0016654318795500886,1.0305222980617408,231.07,1.0289927251382935,1.22,27.64,0.4732877044469254,1.93,326.32,4.49,1.5,51.18,1
545,047050,2017/12,0.696451073384196,0.009531010149609366,0.00510917130616079,1.1063121320335876,221.47,1.0920295241223141,0.8,12.57,-0.4219944100593748,1.78,356.28,6.6,1.91,35.07,1
546,047050,2018/12,0.27318251010445643,0.007485171382079681,-0.0053645477927667835,1.077535441657579,241.96,1.1066877720617332,0.78,14.47,-0.025317807984289897,1.88,370.62,5.45,1.21,47.7,1
548,047810,2016/12,-0.03226809466229055,0.011884608740715149,0.0019347037484885128,1.0614628587707429,106.2,0.9633557131204116,4.52,24.66,-0.3272643608006896,10.86,195.25,19.91,9.15,25.03,0
550,047810,2018/12,0.2054307628106428,0.10225490337156261,0.08366310275855122,1.1761445481305193,256.71,1.3166098392596202,3.08,54.37,-0.2762533766281581,5.25,111.68,5.32,1.6,34.09,1
552,049770,2016/12,0.30454411620374916,-0.0037295122190597703,-0.006281283737363824,1.139647207055859,96.66,1.2401208740120875,1.38,15.18,-0.746069582014288,3.27,2837.34,9.38,4.95,19.17,1
553,049770,2017/12,0.25365654919535546,-0.0007333469138317377,0.0008148299042574863,1.2613782937166023,130.79,1.4543580131208997,1.52,17.58,0.0966268356890717,2.84,3052.59,8.97,4.19,18.78,2
554,049770,2018/12,0.18025751072961374,0.010675514841129585,0.003822988422836946,1.0251990358629757,121.92,0.9938136357778065,1.75,19.56,0.14090545307723773,3.11,3298.77,9.26,4.09,20.41,1
556,051600,2016/12,0.04082592540332063,-0.06528385306429613,-0.07676026527444617,1.056985294117647,38.33,1.2240194096239385,3.09,27.63,-0.49910673965277724,8.65,8675.73,11.2,8.3,34.66,0
557,051600,2017/12,0.011952017448200654,0.05086150490730643,0.04161395856052345,1.0983981693363845,32.59,0.9742319127849356,2.02,13.44,-0.4250735794965407,13.26,9963.98,16.04,11.86,48.65,0
558,051600,2018/12,0.004595106614535048,0.02208875811197549,0.02039582409609416,1.0674166666666667,30.16,1.0064428619871142,1.52,9.26,-0.28438717655492834,15.42,10846.87,17.08,13.01,49.93,2
560,051900,2016/12,0.17566079295154186,0.04515418502202643,0.024963289280469897,1.0682389787880227,71.78,0.8961558614776354,5.67,26.72,-0.42121346507630353,14.46,2976.43,24.87,13.29,22.13,2
561,051900,2017/12,0.0023705108450871163,0.01058109840852522,0.008426088549355113,1.0613699968904091,55.06,0.9018763620900441,6.65,34.74,0.15942773692810217,15.23,3546.1,21.94,13.33,24.89,2
562,051900,2018/12,0.1277848504137492,0.021721833227243793,0.014719923615531509,1.104091242021555,46.8,0.9912771851240644,5.25,28.57,-0.2363887780642304,15.4,4132.2,20.98,13.77,22.72,2
564,051910,2016/12,0.023176282067690922,0.008616232100712131,0.006783426936092439,1.102719781254878,45.8,1.175500438340152,1.35,15.06,-0.32047189527477177,9.64,3686.21,9.52,6.56,28.73,2
565,051910,2017/12,0.22134364779708446,0.041143640329201835,0.03255118245135443,1.22229110025333,53.26,1.3521542549059213,1.92,16.3,0.352220593589352,11.4,4167.96,12.92,8.88,23.65,1
566,051910,2018/12,0.09206209838604212,-0.02528095611212682,-0.018623588273103973,1.155859144130473,67.09,1.3354629650908925,1.56,18.45,-0.20763936477824438,7.97,4412.01,8.86,5.63,31.24,2
568,052690,2016/12,-0.18467535631623827,-0.035083444999390916,-0.016079912291387503,0.9197848456501403,86.43,0.8318886861313869,2.13,50.79,-0.3944500478774871,1.18,5552.2,4.24,2.17,23.52,1
569,052690,2017/12,-0.020402892561983473,0.015754132231404958,0.004390495867768595,0.968980422069667,66.76,0.836578009322731,1.98,42.86,-0.0730251350148899,3.68,6011.37,4.83,2.74,39.44,0
570,052690,2018/12,-0.07367803351372498,0.004433722370737432,-0.010823498728564909,1.0122015219102598,67.21,1.0163880694854146,1.72,61.75,-0.14077255388108215,4.96,6075.58,2.82,1.69,41.17,1
572,055550,2016/12,-0.0020829301136488956,0.00035368048922233754,0.000989000275766374,1.0678246812828567,1146.43,1.0743956409569844,0.69,7.79,0.10697211955216773,13.95,1100.16,8.96,0.74,24.78,1
573,055550,2017/12,0.004139236701102316,0.0017552582625060022,0.0003024377627245579,1.077402640465042,1164.87,1.0787725180821977,0.71,8.03,0.028573372444056163,15.97,1174.21,9.13,0.72,23.56,1
574,055550,2018/12,-0.00040026752228646895,0.0015112187220449088,0.0005623611945942438,1.0780974743553355,1153.98,1.0772935231839562,0.52,5.95,-0.31143615845988804,18.9,1291.55,9.21,0.72,23.86,1
576,057050,2016/12,0.041127360340673505,0.0037541323471731946,0.010309855998206982,1.1419827172347576,30.76,1.4465266558966074,0.9,10.34,-0.11531084651099437,11.48,2360.69,9.21,7.25,13.67,0
577,057050,2017/12,0.03901122168113487,0.007410544145670125,-0.0037052720728350625,0.985496584340515,21.43,0.7393343756980121,0.91,11.81,0.011049836186584935,12.02,2535.32,8.16,6.48,16.22,1
578,057050,2018/12,-0.011458215856546746,-0.005864441186421563,0.01989398894778392,1.3640290071451424,51.86,2.639274924471299,0.69,7.13,-0.2767530019195907,11.04,2771.35,10.32,7.51,13.33,0
580,060980,2016/12,-0.027045454545454546,0.011306818181818182,0.00039772727272727274,1.1917808219178083,100.11,1.4435398763756973,0.7,8.69,-0.08223809823697212,11.07,1676.3,8.24,4.57,17.7,0
581,060980,2017/12,0.02453336165467435,-0.02771951251891777,-0.019594827815097044,0.9677638453500522,98.38,0.9593733681462141,0.72,15.75,0.02817087696669644,7.15,1739.11,4.64,2.31,33.48,1
582,060980,2018/12,-0.0023487305670506654,-0.003243485068784252,-0.01700033553293815,0.9307887491227123,99.27,0.9350097975179621,0.53,36.05,-0.3063742054639334,6.54,1640.99,1.46,0.73,160.41,1
584,064350,2016/12,-0.0681510123882275,0.06285528154584905,0.06884450095091993,0.8868534269117151,204.88,0.8335413027202396,1.11,70.66,0.18774162426329385,3.56,227.66,1.59,0.49,0.0,0
588,064960,2016/12,-0.04684014869888476,-0.042544403139198675,-0.05212722015695993,1.0642905866302865,58.24,1.1374102500618966,1.05,21.28,-0.587786664902119,6.21,799.85,5.01,2.84,43.57,0
589,064960,2017/12,-0.013174378662356032,0.02028692665184886,0.02004445342493433,0.9824547348181382,47.97,0.8652590335219852,0.95,12.05,-0.10008345855698265,8.51,857.16,8.12,4.77,25.72,1
590,064960,2018/12,-0.18045236915965,-0.03178140993891365,-0.00156843321776457,0.9756992579303596,45.07,0.9350943396226415,0.5,7.03,-0.6418538861723948,6.33,921.31,7.77,4.72,28.4,1
592,066570,2016/12,-0.030794453762478226,0.0039234614907535745,-0.0033113475674538756,1.0424465562773484,183.42,1.0500677227994377,0.78,121.37,-0.06213178110700616,2.42,1344.52,0.65,0.34,94.81,2
593,066570,2017/12,0.15249322489797829,0.028597696149162265,0.04408906334767813,1.0889096110716332,180.92,1.083629609976121,1.44,11.11,0.6131044728864088,4.02,1535.94,13.69,4.73,4.22,0
594,066570,2018/12,-0.0012764554748484502,0.005489226107956339,-0.009274173752241394,1.0753839062613717,171.84,1.0555310709563683,0.79,9.08,-0.600365447108979,4.41,1658.84,9.03,3.44,10.96,1
596,068270,2016/12,0.02329249059808322,-0.0032235143238418746,0.007694840644009636,1.0995924605196128,37.43,0.8770247229326513,6.43,74.12,0.11351532791805298,37.24,1643.48,9.5,6.25,0.0,2
597,068270,2017/12,0.0878909331902673,0.08145296178243444,0.06491621169564805,1.0971574175187795,36.33,1.07363304981774,11.98,72.59,0.6222640544377754,53.51,1799.46,17.53,12.19,0.0,0
598,068270,2018/12,0.009626464024737096,-0.0493283353510013,-0.03868088271757997,1.0678932287739407,34.48,1.0273879583521957,11.24,108.87,-0.06375974822175824,34.49,1975.54,10.84,7.4,0.0,2
600,069260,2016/12,-0.003014731072285029,0.04563206577595067,0.007810894141829393,1.0538981142696313,51.81,1.0753050063104754,1.7,20.57,0.30748469974796055,12.85,1213.7,8.93,5.47,44.73,1
601,069260,2017/12,0.14425022999080037,0.09285495246856793,0.08610855565777369,1.177193216717853,47.22,1.10641627543036,1.62,8.77,-0.04820210181787763,21.32,1453.02,21.3,13.5,50.24,1
602,069260,2018/12,0.05394262154269026,-0.015346733092824829,-0.005726392945083892,0.9808303085299456,29.83,0.7026166902404526,1.46,9.43,-0.10398971352404775,18.25,1580.28,17.02,12.04,45.09,1
604,069620,2016/12,0.04231284702278384,-0.01694428489373923,-0.009190120620333142,1.2119640021175224,89.35,1.4825693110074114,1.42,29.51,-0.07461086379117482,2.93,1781.67,5.51,2.5,22.96,2
605,069620,2017/12,0.06479518276651683,0.011110168772792807,0.00788737172419642,1.060103083777409,92.15,1.0775782262543974,3.27,60.35,0.8341331132959928,4.06,1859.3,6.2,3.0,19.61,1
608,069960,2016/12,0.027423694511338945,0.0032004769338175886,0.006400953867635177,1.0692280223347617,52.82,1.0688732394366198,0.67,9.25,-0.2261241794523475,20.92,3116.85,7.72,5.04,5.77,0
609,069960,2017/12,0.00243927988866109,0.001571315265701929,-0.0028283674782634723,1.028843380444188,46.77,0.9485659067949225,0.6,9.64,-0.11034805716886546,21.3,3332.35,6.63,4.52,7.11,2
610,069960,2018/12,0.002048540233475472,-0.005375602031105848,-0.0021502408124423394,1.0311776076018473,44.72,0.9999536951287276,0.49,8.85,-0.2025242641114741,19.15,3515.01,5.91,4.18,8.5,1
612,071050,2016/12,0.019567311114436086,-0.0006566016795638538,-0.001545628732424647,1.1839117289688494,966.39,1.1928910554422896,0.72,9.22,-0.23419338750079477,6.78,1052.78,8.54,0.79,16.83,2
613,071050,2017/12,0.02993218779194341,0.0067951643714008175,0.004461941037308334,1.30614552684749,1078.15,1.3189684996762145,1.04,8.33,0.3677247801253175,9.88,1259.89,14.11,1.08,18.38,0
614,071050,2018/12,0.03246392133871767,-0.00020577098930611717,0.0009366127789106022,1.3130849557885236,1206.75,1.325067592106856,0.8,6.92,-0.262364264467491,7.6,1506.93,12.96,0.92,19.92,1
616,071840,2016/12,0.014652882353936482,0.004839173618043688,0.00500837549280046,1.0343177750240948,58.51,0.9882394868139701,0.53,8.2,-0.38641691313746984,4.43,1505.83,6.6,4.11,9.72,2
617,071840,2017/12,0.05150173121829455,0.010628875110717449,0.008696352363314277,1.0664581184066027,58.19,1.0627479264334656,0.8,10.96,0.41173472112175985,5.06,1624.66,7.57,4.78,29.42,0
618,071840,2018/12,0.004239365993324581,-0.006643782526851954,-0.01989971052090419,0.972695500218436,51.18,0.8951476077366813,0.53,12.89,-0.4117347211217598,4.53,1646.93,4.18,2.7,46.96,0
624,078930,2016/12,0.0651810528348093,0.008759227927914197,0.02103434084777539,1.069295063870052,128.03,1.0453721670999159,0.74,6.36,-0.026668247082161294,13.03,2031.22,12.13,4.69,18.81,1
625,078930,2017/12,0.1000214901912627,0.013536458936022993,0.007963178564596917,1.0817306746897921,127.72,1.0805715836755423,0.76,5.97,0.026668247082161273,13.1,2190.74,13.42,5.16,17.29,1
626,078930,2018/12,0.09697835988591835,0.007572583662486809,-0.0027512227034123676,1.0285088416948058,115.02,0.9809498342935394,0.58,5.41,-0.27029032973991185,12.45,2342.86,11.14,4.62,19.93,1
628,079160,2016/12,0.12057382431681568,0.001717431934131434,-0.023538920038389654,1.793030474040632,176.13,1.6673179761415056,3.99,120.74,-0.4615090052543126,4.91,3967.39,3.1,0.28,60.03,0
632,079430,2016/12,0.10361656863971969,0.0047553497684895505,0.011012388937554749,1.107331223628692,51.35,1.0666666666666667,1.44,12.34,-0.5108256237659907,5.73,1525.26,12.68,8.3,4.06,1
633,079430,2017/12,0.279677156071461,0.015416704452706992,0.006892173755327832,1.6261014527268398,65.06,1.889747191011236,1.56,15.16,0.08004270767353656,5.7,1930.19,10.7,6.7,5.44,1
634,079430,2018/12,0.6784166850260703,-0.003818755966806198,0.0027906293603583757,0.9942882249560633,51.75,0.8602749907097733,0.9,10.59,-0.5500463369192721,3.56,2094.91,9.03,5.71,15.0,0
636,079550,2016/12,-0.024197642281008517,-0.013875571098200689,-0.0033278808731456934,1.0212050390469134,183.62,0.9852191641182467,2.8,22.98,-0.3440961617318724,4.71,474.16,12.75,4.35,26.84,0
638,079550,2018/12,-0.13125736330245558,0.009240222689366813,0.006052345861535263,1.1571158062587203,257.17,1.1919019104647848,1.25,182.34,-0.5561813254867879,1.65,425.16,0.72,0.21,246.74,0
640,081660,2016/12,0.06934323296209725,-0.03153215087767542,0.20367569549475228,3.457860864235366,159.95,4.1672669067627055,0.94,2.48,-0.8593825996022757,1.22,1351.13,48.35,14.26,0.88,2
641,081660,2017/12,0.483678331631548,0.06364677124911043,-0.06281134936105696,0.9095985110342993,149.44,0.8856347224889571,1.25,15.85,0.2850189550322972,8.59,1304.79,7.53,3.35,4.9,0
642,081660,2018/12,0.13294272465221205,0.04373981701967665,0.03192755984459206,1.073207963883205,119.34,0.9746286457768621,3.3,22.78,0.9707789171582247,12.09,1538.42,16.03,6.58,2.13,0
644,086280,2016/12,0.08667616211316846,0.003988087530752298,0.016690405282921143,1.065387444006151,129.12,1.0247164342606752,1.67,11.46,-0.3373273029409463,4.75,18053.23,15.38,6.55,22.25,1
645,086280,2017/12,0.1260059926206572,-0.0002104846098605849,0.02164277047272367,1.0273862566677125,105.18,0.934543429844098,1.28,7.49,-0.2659635484971379,4.45,21105.97,18.23,8.43,16.53,0
646,086280,2018/12,0.06012978931460574,-0.00201499392538596,-0.02881441313301923,1.0613386759837278,103.93,1.0551941088153285,1.14,11.06,-0.11583181552512183,4.21,22778.49,10.6,5.18,28.29,1
648,086790,2016/12,0.0017067348926113873,0.0017882054872074872,0.001319527375749196,1.065047335267183,1388.57,1.0685873245136392,0.41,6.95,0.24783616390458127,4.67,1480.39,5.96,0.42,23.36,1
649,086790,2017/12,0.012908412479591024,0.003117469292645088,0.0020243783839649127,1.0342118603298605,1350.34,1.032248470153562,0.62,7.24,0.4135623183407838,6.94,1577.55,8.79,0.6,22.53,1
650,086790,2018/12,-0.017863961232476966,0.001165216007185096,0.00042571586901533345,1.0692031115614933,1320.25,1.0675258171683348,0.41,4.86,-0.4135623183407838,9.69,1705.77,8.88,0.61,25.54,1
652,088350,2016/12,0.034033875820937524,-0.0005993295001217388,0.002878791547078657,1.1994459972952933,1203.41,1.2127313577019476,0.58,7.13,-0.09844007281325265,2.52,132.19,9.84,0.77,7.56,1
653,088350,2017/12,0.04418532241999612,0.0035243928084128986,-0.0012747803775110483,1.0553973786470388,1130.64,1.050211391555225,0.56,10.26,-0.03509131981126994,3.65,157.04,7.7,0.56,17.98,0
654,088350,2018/12,-0.02058749452686968,-0.002349668124876491,-0.001876944656481155,1.048335443213791,1055.63,1.0423164507534788,0.31,8.83,-0.5913644862500032,2.77,184.47,4.54,0.35,18.09,0
656,090430,2016/12,0.18261348405664593,0.015626461084501334,0.01265493989423047,1.1662127793657582,32.98,1.1999439671273815,5.72,34.71,-0.40196247755696246,15.02,11241.22,17.7,13.42,17.06,1
657,090430,2017/12,-0.09881314351207221,-0.04768264613111307,-0.046924876625652395,1.0374594719777674,28.75,0.9341583002568293,5.06,53.34,-0.12260232209233239,11.64,12104.31,9.81,7.54,22.42,0
658,090430,2018/12,0.028659694048460936,-0.021290058435999553,-0.01176164067443332,0.999144297486839,20.8,0.770390735649421,3.27,43.53,-0.43657649839021206,9.13,12885.28,7.75,6.23,24.52,2
660,093050,2016/12,-0.027290575916230367,0.003206806282722513,0.00039267015706806284,1.0720048816868941,50.27,1.1567898534878636,0.6,12.2,-0.2623642644674911,5.17,631.79,4.99,3.35,28.3,1
661,093050,2017/12,0.045845272206303724,0.019584999527692937,0.011839163701627886,1.0086648535829486,44.55,0.9291115311909263,0.84,12.43,0.3364722366212129,6.88,672.28,6.87,4.41,19.85,1
662,093050,2018/12,0.06443664140947453,0.005790673319780694,0.0069611285652682806,1.0357411587659895,39.58,0.953001017293998,0.62,8.73,-0.30368241379822203,7.0,717.69,7.35,5.01,17.57,0
664,093370,2016/12,0.10798532238336536,0.07268914904770225,0.1666957889218941,1.1893649579188983,95.28,0.9283965728274174,4.6,11.14,-0.21965922723159903,18.97,207.43,52.17,21.47,0.0,2
665,093370,2017/12,0.18086124401913875,-0.0028708133971291866,-0.10590111642743222,1.0167256352524927,51.31,0.7066578773895847,5.31,31.8,0.14353553175879824,14.26,271.38,18.22,9.0,0.0,0
666,093370,2018/12,0.06890179514255544,0.01082365364308342,-0.00026399155227032733,1.396709901929769,79.83,1.828358208955224,3.3,22.27,-0.47566936678141286,14.4,339.43,16.04,7.41,0.0,2
669,096760,2017/12,-0.002830299933173474,-0.0012579110814104329,0.05605566256535241,1.125940163797426,263.53,1.062676822633297,3.19,9.79,-0.37899453134080135,6.12,442.54,38.22,4.47,8.59,1
670,096760,2018/12,0.03370315299858935,-0.006405124099279423,-0.01563155286133669,0.9467824537964818,218.12,0.8955560106491911,2.53,19.91,-0.23180161405732444,4.59,497.91,13.32,2.78,23.16,1
672,096770,2016/12,-0.2763730996182424,0.03905782040033719,0.026702699828435858,1.0389511412700336,77.99,0.9974010549481259,0.8,8.21,0.05129329438755048,8.17,3533.1,10.13,5.38,35.69,2
673,096770,2017/12,0.1987748274014909,-0.00019451934270417798,0.012679668539040033,1.05121956459687,77.38,1.0465456735989016,1.05,9.11,0.27193371548364176,6.98,3800.39,11.96,6.42,35.44,1
674,096770,2018/12,0.22976884178393375,-0.03191281462409152,-0.01272689665993852,1.0468115421560813,86.99,1.1163458449346755,0.87,10.19,-0.18805223150293973,3.88,3989.65,9.12,4.85,42.9,0
676,097950,2016/12,0.11103921402557805,0.006247141526213263,0.006762090285423901,1.1465243286089315,160.15,1.1601482189815921,1.48,18.77,-0.13858616328614667,5.79,4818.68,8.42,2.4,12.83,0
677,097950,2017/12,0.11729376760034688,-0.004106109216376635,0.003634213082554245,1.0698900178863644,174.55,1.1049372540130644,1.53,14.33,0.033225647628320386,4.71,5152.2,10.91,2.53,11.48,1
678,097950,2018/12,0.12060464566301206,0.0030853758136235015,0.028191865277422585,1.15585039216035,166.78,1.1365590294937664,1.11,6.1,-0.3209077200801012,4.46,6233.74,21.46,5.09,6.42,1
680,103140,2016/12,0.004546735556599343,0.04009394081728511,0.03231564114607797,1.0411489492253414,119.86,0.9772217087019676,0.92,8.25,0.2591087000077249,7.69,770.52,11.84,5.17,14.25,1
681,103140,2017/12,0.041584012930717805,0.008559253544926898,0.004775549188156638,1.005377730303142,108.5,0.9596648875076008,1.02,8.84,0.1031842362352308,8.19,840.26,11.86,5.54,14.88,1
682,103140,2018/12,-0.06317622647102415,-0.04950348302949459,-0.032829405661775606,0.9775050375526653,93.44,0.9073500422416221,0.56,12.36,-0.5996211225491218,3.88,882.96,4.62,2.3,27.11,1
684,105560,2016/12,0.008861434130526584,-0.0004092294000390499,0.0013136774568521235,1.1416380629388374,1101.72,1.1474187165827066,0.55,7.84,0.20067069546215124,6.61,1429.9,7.18,0.62,23.23,1
685,105560,2017/12,0.03415186459186325,0.005756349887311278,0.002839034521483107,1.1626728195239646,1182.97,1.169356611247624,0.74,8.01,0.2967319079716987,10.23,1564.67,10.18,0.82,23.15,0
686,105560,2018/12,0.00610624113148574,0.0005504303428982428,-0.0006145962908808293,1.0979947599005095,1242.89,1.1021364113097059,0.52,6.35,-0.3528213746227423,10.15,1654.63,8.78,0.67,24.82,1
688,105630,2016/12,-0.034292279817932744,-0.05373635600335852,-0.05090812674002387,1.2806893771417054,125.45,1.2479703494528769,2.25,21.85,-0.7944996748202329,5.27,2208.2,10.72,4.06,27.81,1
689,105630,2017/12,0.13264147883898167,-0.020350251337765527,8.107669855683477e-05,0.941292201148973,108.53,0.8803563852354688,2.22,24.92,-0.013423020332140548,3.3,2370.44,9.34,3.74,40.83,2
692,108670,2016/12,0.10635343896687749,0.0030411882671838157,0.001542631729730921,1.0151434408029132,143.87,0.9812982098675593,1.02,12.74,-0.493020999132484,5.36,1818.0,8.29,3.29,23.98,0
693,108670,2017/12,0.11548179035803052,-0.004765523899513177,-0.00279358297557669,1.1297082112078394,162.02,1.1842046718576196,0.98,14.31,-0.04000533461369925,4.53,1932.69,7.06,2.79,26.55,1
696,111770,2016/12,0.18075346476673823,-0.007547660875788926,-0.015398963281063613,1.0759567762269249,73.48,1.1788958770090845,1.08,12.35,-0.3867729750960119,8.96,5384.08,9.08,4.73,9.99,0
697,111770,2017/12,0.003301462076062256,0.0007288942245851735,-0.006131286712687047,0.9519604971335314,69.67,0.9228413357044063,1.12,12.84,0.03636764417087479,9.01,5824.27,8.79,4.06,12.11,2
698,111770,2018/12,0.037445561479913715,0.00809963775489438,0.0067564817452887786,1.160007033276188,58.67,1.0446419012953645,1.09,15.03,-0.02715098906595086,9.57,6276.46,8.15,4.53,13.58,1
700,114090,2016/12,0.06156297530238285,0.04751213152748606,0.032737017454914176,1.1225211375864719,40.76,1.0885229027277405,2.44,11.06,-0.2958453830909419,27.58,1576.5,23.46,16.56,54.1,1
701,114090,2017/12,-0.06415429861158607,-0.0588195061897271,-0.046234867656111074,1.0023281292796493,37.56,0.9451536643026005,3.4,22.46,0.3317773923170052,21.58,1620.3,15.33,11.02,56.07,1
704,115390,2016/12,0.023882181239219848,0.03303701738092079,0.04577418070850471,0.9925974884335756,11.74,0.6772532188841202,1.17,16.98,0.10821358464023258,14.17,2470.65,7.16,6.23,57.68,2
705,115390,2017/12,-0.010436432637571158,-0.011656275413391162,-0.016400108430468963,0.9651085364229591,13.42,1.0874524714828897,2.31,42.95,0.6802437757240375,12.35,2497.97,5.33,4.74,20.19,1
706,115390,2018/12,0.02308585479133939,-0.020627006352025135,-0.006147121098285636,1.0202842555540224,11.93,0.9184149184149184,1.7,37.39,-0.30661927347153184,8.41,2512.63,4.68,4.16,14.26,0
708,120110,2016/12,-0.05750742535563545,-0.000742535563545412,0.06274425511958731,1.052746635647099,146.99,1.033822020716815,1.04,12.13,0.08004270767353656,6.07,1282.74,8.93,3.44,18.12,1
709,120110,2017/12,0.008211896251489322,-0.014425808816790396,-0.009769956924204931,1.0786420529233582,143.79,1.0690162937353949,1.16,18.43,0.10919929196499181,4.3,1340.69,6.49,2.25,23.25,0
710,120110,2018/12,-0.026204293801402784,-0.005536369138747463,-0.014205860362445259,0.9842808951058832,152.33,1.0074262614163796,0.81,25.47,-0.3591410364339257,3.74,1330.71,3.04,0.76,41.38,1
712,128940,2016/12,-0.2619592722014701,-0.11145921195324737,-0.07940715748885407,0.9270869615697201,117.42,0.8820822254039681,4.84,137.09,-0.8452296073231446,3.03,2476.93,3.5,1.83,0.0,2
713,128940,2017/12,0.020810951840142422,0.03400963811043924,0.02375763528653427,1.0400125234815278,109.6,1.0069565217391305,9.32,110.28,0.6552479079689595,8.96,2510.88,8.82,4.23,9.19,1
714,128940,2018/12,0.05930610661973092,0.0008352972763342382,-0.020763103726022494,1.0182431211993497,114.28,1.0385722510074842,7.63,216.81,-0.20007478340113424,8.23,2468.74,3.52,2.04,22.75,0
716,138930,2016/12,-0.0028439005516383447,0.00017522693793102699,-0.00013495739318911395,1.035475384777275,1219.04,1.0274245471162067,0.42,5.53,0.07410797215372183,14.5,334.89,7.92,0.56,14.94,1
717,138930,2017/12,-0.0010956587848089945,-0.0012564405889937934,-0.0009913103291128997,1.0092830506770274,1132.36,1.0034608484287286,0.44,7.62,0.04652001563489291,12.36,369.8,5.83,0.45,18.6,0
718,138930,2018/12,0.002990521042374689,0.0016102009075113024,0.001171149341733301,1.0470969793322735,1072.63,1.042385862920156,0.31,4.76,-0.35020242943311486,14.71,416.99,6.84,0.56,19.47,1
720,139480,2016/12,0.06517198627184291,0.002880640558216008,-0.00496593024304987,1.0646000358774097,89.93,1.0070991398323776,0.66,13.56,-0.12783337150988489,3.89,4444.69,5.13,2.55,11.11,2
721,139480,2017/12,0.05713632582564467,0.002412958859051453,0.015639783341694025,1.0412440619309014,83.17,0.9985217427011046,0.92,12.26,0.33213383502261484,3.77,4808.41,7.73,3.99,7.91,0
722,139480,2018/12,0.09349063387405394,-0.007440494326699248,-0.009244250527111187,1.042784676189587,89.15,1.0824251895107675,0.62,11.3,-0.39465419200394874,2.71,5029.24,5.49,2.9,12.38,1
724,145990,2016/12,0.32099611606122913,0.04083847384053004,0.0286726068083162,1.4353873974127138,76.99,1.2221919673247106,0.99,12.42,-0.02985296314968116,7.36,1944.63,10.78,5.78,16.74,0
725,145990,2017/12,0.019159000689343696,-0.027763911668924862,-0.024721291212056382,1.03842426591724,71.96,0.9989974378968475,0.86,27.87,-0.14077255388108215,4.35,1982.5,3.31,2.34,35.32,0
726,145990,2018/12,0.03826731526523049,0.0037526059763724807,0.004864489228630994,1.0143717045401521,71.72,1.0123773416592328,0.5,13.04,-0.5423242908253616,4.57,2032.28,4.13,2.77,33.44,0
728,161390,2016/12,0.02025305861984193,0.022826536109759862,0.02328683289657445,1.0132580743673718,61.4,0.8404509344721495,1.21,8.23,0.06840272688440062,16.66,9596.83,15.75,9.2,5.68,1
729,161390,2017/12,0.019967817437097718,-0.03237064281534732,-0.028483657945331437,0.9892745790895864,49.35,0.8592542002458681,1.06,11.29,-0.13235145148467387,11.65,10514.55,9.74,6.34,8.27,0
730,161390,2018/12,-0.0018431080185553346,-0.009391567263088138,-0.00787980450629556,1.0291633399167963,44.27,0.955743490287095,0.74,9.52,-0.35937400090789745,10.34,11251.23,7.96,5.49,10.67,0
732,161890,2016/12,0.3146201624462494,0.030339225991399904,0.01839464882943144,1.4316003485332558,71.34,1.6601941747572815,5.14,26.16,-0.5679191846599715,11.0,2440.4,21.64,12.71,9.94,1
733,161890,2017/12,0.2653693817806096,-0.011021181332874117,-0.007921474083003272,1.3562588760397647,100.98,1.6369395711500974,5.67,36.61,0.09813603827258703,8.15,2814.7,16.44,8.37,13.4,1
734,161890,2018/12,0.3757049283687695,0.016112648429016777,-0.008266489194017304,3.270605833956619,169.99,4.098243524858589,3.59,36.09,-0.45703691523947315,6.63,3839.31,11.38,2.58,17.43,0
736,170900,2016/12,-0.006948030608891601,-0.03812027604337825,-0.03567907609971363,1.0029149036201221,81.02,0.9364456649666536,1.51,83.27,-0.3440123288945008,2.65,917.23,1.86,1.0,39.7,1
738,170900,2018/12,0.013417009305345163,0.016771261631681453,0.014499026184808483,1.0544625986439924,63.74,1.159497645211931,1.52,110.18,0.04714677842570208,6.95,921.44,1.38,0.87,105.36,2
740,185750,2016/12,0.39326765188834156,0.030377668308702793,0.07832512315270936,1.1134825611660593,81.14,1.0982040504394344,2.79,24.11,-0.0317486983145803,7.36,1404.06,12.24,6.72,20.67,1
742,185750,2018/12,0.10340606322459854,-0.003024411319939512,-0.017282350399654353,1.0506497341996457,65.12,1.0244614822928075,2.45,24.96,-0.28563917082198054,7.92,1671.22,10.21,6.01,20.85,2
744,192400,2016/12,-0.2750411738284174,0.005689474472226381,0.008234765683485551,1.1510466988727859,25.99,1.2848432055749128,1.68,14.04,-0.6901665524218076,13.2,13018.45,15.17,11.99,31.17,0
745,192400,2017/12,-0.055795416805048154,-0.05097974094985055,0.6175689139820657,0.684946838276441,36.84,0.8935593220338983,1.83,3.13,0.08552217343816214,14.37,38836.22,96.96,75.05,4.05,2
746,192400,2018/12,0.06970726184699984,0.005175481158013909,-0.5942099304544719,1.525735294117647,22.57,1.0440060698027314,1.21,9.05,-0.4136956072446799,13.76,36135.32,17.49,13.68,22.05,0
748,192820,2016/12,0.4049601737871108,0.030231716147719044,0.022628530050687906,1.5172020961494646,221.21,1.3393691588785046,5.69,31.85,-1.0915575856882196,6.95,4162.14,22.53,5.69,28.88,1
749,192820,2017/12,0.15875992249515594,-0.02187636727295456,-0.01987624226514157,1.402613004955699,308.96,1.538595726122983,5.39,62.36,-0.05416486321733395,3.98,4303.58,8.79,1.94,15.98,2
750,192820,2018/12,0.37654723127035833,0.01723878727136056,0.0056126284139313455,1.136509635974304,338.93,1.1617063492063493,4.92,40.05,-0.09123685441668901,4.15,5247.6,13.49,2.11,18.48,0
752,204320,2016/12,0.13153683819948517,0.009137079381275944,0.01866839822824146,1.0732246742631857,194.67,1.0555456139722987,1.5,11.04,0.24846135929849972,5.2,2674.95,14.32,4.87,23.47,0
753,204320,2017/12,-0.040760930524710054,-0.04968930165780559,-0.04302667294793279,0.9969984768389929,215.17,1.0303461838402332,2.14,605.78,0.35534072092559577,1.47,2568.84,0.34,0.41,195.81,0
754,204320,2018/12,-0.00447779665402833,0.025629197934363152,0.021286410224677386,0.9969220399910133,199.46,0.9725878636303804,0.96,12.87,-0.8016278235540154,3.48,2732.44,7.64,2.54,22.16,1
758,207940,2018/12,0.010817791620769552,-0.0015649333383978424,0.04878641698636381,0.8325653269479751,43.92,0.5691074658516809,6.15,114.11,-0.0032467560988698697,10.39,2416.4,5.51,3.4,0.0,2
760,214320,2016/12,0.04102266872746007,0.004185986604842864,0.0,1.1709891646277526,146.97,1.2353451480976576,1.74,17.48,-0.2833624113072645,9.46,6516.55,10.38,5.02,29.07,1
761,214320,2017/12,0.0527622970680882,-0.0016355706324206445,-0.0013932638720620305,0.9709868067578055,137.24,0.9439205457463884,2.18,23.81,0.22543976357456008,8.49,6930.65,9.27,4.58,32.53,2
762,214320,2018/12,0.059689968521708145,0.012769495753400249,0.009918631585199263,1.0703350753150938,134.68,1.0618556701030928,1.74,16.47,-0.22543976357456,9.54,7477.59,10.98,5.49,39.04,1
764,241560,2016/12,-0.11874556772515957,0.004475612638877945,0.0050744622173193605,0.9939040676208581,88.73,0.9181046457786696,1.07,20.15,inf,12.11,7721.88,5.54,2.84,41.54,0
765,241560,2017/12,0.016291097450818953,-0.003117530915514912,0.014948161056443298,0.9775058883040104,80.42,0.9267366014390425,1.05,13.11,-0.018868484304382805,11.64,8131.3,8.08,4.38,29.3,1
766,241560,2018/12,0.09209744974307409,0.010213695853556188,-0.0014726724253964734,1.0424496264432872,72.38,0.9820048615898125,0.84,11.94,-0.22314355131420985,11.56,8538.21,7.38,4.19,34.11,1
769,251270,2017/12,0.25319297477105035,0.058890364266060695,0.04153262789010417,2.7320425053642587,19.76,1.3636223149435944,3.7,48.36,inf,21.02,52277.81,11.17,9.88,9.88,1
770,251270,2018/12,-0.07485599265353826,-0.049737030062982926,-0.027085439720982867,1.0159507825794267,19.37,0.9989800543970988,2.14,50.08,-0.5475269906164187,11.96,54071.11,4.36,3.99,0.0,2
774,267250,2018/12,0.5858116844951217,0.0008318940962646147,-0.0329592824009187,1.1177292877454688,121.22,1.1860624658143826,0.65,20.98,-0.1296778233085326,3.16,9928.56,3.53,1.28,100.7,1
778,271560,2018/12,0.3703735844144574,0.07584501236603462,0.028767301601076063,1.041364038972542,62.78,0.9931004271164166,3.37,33.92,0.06434071676544953,14.64,3992.84,10.31,6.21,16.96,2
782,282330,2018/12,3.5052173913043476,0.11811594202898551,0.09144927536231884,1.1606387975575387,184.2,1.081242263981096,6.76,22.87,-0.32221212480437983,3.28,2788.51,33.88,11.17,30.03,1
786,285130,2018/12,0.6626113066887555,0.028422033547318284,-0.00336508593911783,1.0200794812800669,168.87,1.0373380746761494,1.32,151.41,inf,3.34,1020.34,0.87,-0.85,87.64,2
